"page","col","y","n_words","text","drop_reason","doc_id"
1,1,47,3,"THE WHITE HOUSE","sparse_page","USA_AIAP_2025"
1,1,344,3,"Winning the Race","sparse_page","USA_AIAP_2025"
1,1,402,1,"AMERICA’S","sparse_page","USA_AIAP_2025"
1,1,501,3,"AI ACTION PLAN","sparse_page","USA_AIAP_2025"
1,1,696,2,"JULY 2025","sparse_page","USA_AIAP_2025"
2,1,42,4,"AMERICA’S AI ACTION PLAN","running_head","USA_AIAP_2025"
2,1,735,1,"i","page_number","USA_AIAP_2025"
3,1,42,4,"AMERICA’S AI ACTION PLAN","running_head","USA_AIAP_2025"
3,1,72,3,"Table of Contents","toc_page","USA_AIAP_2025"
3,1,117,3,"Introduction .............................................................................................................................. 1","toc_line","USA_AIAP_2025"
3,1,142,7,"Pillar I: Accelerate AI Innovation .............................................................................................. 3","toc_line","USA_AIAP_2025"
3,1,159,8,"Remove Red Tape and Onerous Regulation .................................................................................... 3","toc_line","USA_AIAP_2025"
3,1,172,12,"Ensure that Frontier AI Protects Free Speech and American Values ......................................... 4","toc_line","USA_AIAP_2025"
3,1,186,7,"Encourage Open-Source and Open-Weight AI ............................................................................. 4","toc_line","USA_AIAP_2025"
3,1,199,5,"Enable AI Adoption ............................................................................................................................... 5","toc_line","USA_AIAP_2025"
3,1,213,10,"Empower American Workers in the Age of AI ................................................................................. 6","toc_line","USA_AIAP_2025"
3,1,226,5,"Support Next-Generation Manufacturing ....................................................................................... 7","toc_line","USA_AIAP_2025"
3,1,239,6,"Invest in AI-Enabled Science .............................................................................................................. 8","toc_line","USA_AIAP_2025"
3,1,253,6,"Build World-Class Scientific Datasets .............................................................................................. 8","toc_line","USA_AIAP_2025"
3,1,266,7,"Advance the Science of AI ................................................................................................................... 9","toc_line","USA_AIAP_2025"
3,1,280,10,"Invest in AI Interpretability, Control, and Robustness Breakthroughs ........................................ 9","toc_line","USA_AIAP_2025"
3,1,293,7,"Build an AI Evaluations Ecosystem .................................................................................................. 10","toc_line","USA_AIAP_2025"
3,1,306,7,"Accelerate AI Adoption in Government ......................................................................................... 10","toc_line","USA_AIAP_2025"
3,1,320,11,"Drive Adoption of AI within the Department of Defense ............................................................. 11","toc_line","USA_AIAP_2025"
3,1,333,8,"Protect Commercial and Government AI Innovations ................................................................. 12","toc_line","USA_AIAP_2025"
3,1,347,9,"Combat Synthetic Media in the Legal System .............................................................................. 12","toc_line","USA_AIAP_2025"
3,1,372,8,"Pillar II: Build American AI Infrastructure .............................................................................. 14","toc_line","USA_AIAP_2025"
3,1,389,8,"Create Streamlined Permitting for Data Centers, Semiconductor Manufacturing","toc_page","USA_AIAP_2025"
3,1,402,9,"Facilities, and Energy Infrastructure while Guaranteeing Security ..................................... 14","toc_line","USA_AIAP_2025"
3,1,415,12,"Develop a Grid to Match the Pace of AI Innovation ...................................................................... 15","toc_line","USA_AIAP_2025"
3,1,429,6,"Restore American Semiconductor Manufacturing ...................................................................... 16","toc_line","USA_AIAP_2025"
3,1,442,12,"Build High-Security Data Centers for Military and Intelligence Community Usage .............. 16","toc_line","USA_AIAP_2025"
3,1,456,9,"Train a Skilled Workforce for AI Infrastructure .............................................................................. 17","toc_line","USA_AIAP_2025"
3,1,469,6,"Bolster Critical Infrastructure Cybersecurity ................................................................................. 18","toc_line","USA_AIAP_2025"
3,1,483,8,"Promote Secure-By-Design AI Technologies and Applications ............................................... 18","toc_line","USA_AIAP_2025"
3,1,496,10,"Promote Mature Federal Capacity for AI Incident Response ..................................................... 19","toc_line","USA_AIAP_2025"
3,1,521,11,"Pillar III: Lead in International AI Diplomacy and Security ................................................... 20","toc_line","USA_AIAP_2025"
3,1,538,9,"Export American AI to Allies and Partners .................................................................................... 20","toc_line","USA_AIAP_2025"
3,1,551,9,"Counter Chinese Influence in International Governance Bodies .............................................. 20","toc_line","USA_AIAP_2025"
3,1,565,8,"Strengthen AI Compute Export Control Enforcement ............................................................... 21","toc_line","USA_AIAP_2025"
3,1,578,10,"Plug Loopholes in Existing Semiconductor Manufacturing Export Controls ......................... 21","toc_line","USA_AIAP_2025"
3,1,591,6,"Align Protection Measures Globally ................................................................................................ 21","toc_line","USA_AIAP_2025"
3,1,605,13,"Ensure that the U.S. Government is at the Forefront of Evaluating National Security","toc_page","USA_AIAP_2025"
3,1,618,6,"Risks in Frontier Models ............................................................................................................... 22","toc_line","USA_AIAP_2025"
3,1,632,5,"Invest in Biosecurity ............................................................................................................................ 23","toc_line","USA_AIAP_2025"
3,1,735,1,"ii","page_number","USA_AIAP_2025"
4,1,42,4,"AMERICA’S AI ACTION PLAN","running_head","USA_AIAP_2025"
4,1,198,10,"and directing the creation of an AI Action Plan. 1","toc_line","USA_AIAP_2025"
4,1,680,17,"1 Executive Order 14179 of January 23, 2025, “Removing Barriers to American Leadership in Artificial Intelligence,” Federal","footnote_small_type","USA_AIAP_2025"
4,1,690,5,"Register 90 (20) 8741, www.govinfo.gov/content/pkg/FR-2025-01-31/pdf/2025-02172.pdf.","footnote_small_type","USA_AIAP_2025"
4,1,700,20,"2 J.D. Vance, “Remarks by the Vice President at the Artificial Intelligence Action Summit in Paris, France,” February 11, 2025,","footnote_small_type","USA_AIAP_2025"
4,1,710,1,"www.presidency.ucsb.edu/documents/remarks-the-vice-president-the-artificial-intelligence-action-summit-paris-france.","footnote_small_type","USA_AIAP_2025"
4,1,735,1,"1","page_number","USA_AIAP_2025"
5,1,42,4,"AMERICA’S AI ACTION PLAN","running_head","USA_AIAP_2025"
5,1,735,1,"2","page_number","USA_AIAP_2025"
6,1,42,4,"AMERICA’S AI ACTION PLAN","running_head","USA_AIAP_2025"
6,1,462,9,"agreements that unnecessarily hinder AI development or deployment. 4","toc_line","USA_AIAP_2025"
6,1,569,7,"under the Communications Act of 1934. 5","toc_line","USA_AIAP_2025"
6,1,670,18,"3 Executive Order 14110 of October 30, 2023, “Safe, Secure, and Trustworthy Development and Use of Artificial Intelligence,”","footnote_small_type","USA_AIAP_2025"
6,1,680,6,"Federal Register 88 (210) 75191, www.govinfo.gov/content/pkg/FR-2023-11-01/pdf/2023-24283.pdf.","footnote_small_type","USA_AIAP_2025"
6,1,690,17,"4 Executive Order 14192 of January 31, 2025, “Unleashing Prosperity Through Deregulation,” Federal Register 90 (24) 9065,","footnote_small_type","USA_AIAP_2025"
6,1,700,1,"www.govinfo.gov/content/pkg/FR-2025-02-06/pdf/2025-02345.pdf.","footnote_small_type","USA_AIAP_2025"
6,1,710,9,"5 Communications Act of 1934, 47 U.S.C. §§ 151-646.","footnote_small_type","USA_AIAP_2025"
6,1,735,1,"3","page_number","USA_AIAP_2025"
7,1,42,4,"AMERICA’S AI ACTION PLAN","running_head","USA_AIAP_2025"
7,1,276,2,"change. 6","toc_line","USA_AIAP_2025"
7,1,700,15,"6 National Institute of Standards and Technology, “Artificial Intelligence Risk Management Framework (AI RMF 1.0),”","footnote_small_type","USA_AIAP_2025"
7,1,710,10,"(Gaithersburg, MD: National Institute of Standards and Technology, 2023), www.doi.org/10.6028/NIST.AI.100-1.","footnote_small_type","USA_AIAP_2025"
7,1,735,1,"4","page_number","USA_AIAP_2025"
8,1,42,4,"AMERICA’S AI ACTION PLAN","running_head","USA_AIAP_2025"
8,1,735,1,"5","page_number","USA_AIAP_2025"
9,1,42,4,"AMERICA’S AI ACTION PLAN","running_head","USA_AIAP_2025"
9,1,670,17,"7 Executive Order 14277 of April 23, 2025: “Advancing Artificial Intelligence Education for American Youth,” Federal Register","footnote_small_type","USA_AIAP_2025"
9,1,680,4,"90 (80) 17519, www.govinfo.gov/content/pkg/FR-2025-04-28/pdf/2025-07368.pdf.","footnote_small_type","USA_AIAP_2025"
9,1,690,19,"8 Executive Order 14278 of April 23, 2025: “Preparing Americans for High-Paying Skilled Trade Jobs of the Future,” Federal","footnote_small_type","USA_AIAP_2025"
9,1,700,5,"Register 90 (80) 17525, www.govinfo.gov/content/pkg/FR-2025-04-28/pdf/2025-07369.pdf.","footnote_small_type","USA_AIAP_2025"
9,1,710,9,"9 Revenue Act of 1978, 26 U.S.C. § 132.","footnote_small_type","USA_AIAP_2025"
9,1,735,1,"6","page_number","USA_AIAP_2025"
10,1,42,4,"AMERICA’S AI ACTION PLAN","running_head","USA_AIAP_2025"
10,1,651,12,"10 Workforce Innovation and Opportunity Act of 2014, 29 U.S.C. §§ 3101-3361.","footnote_small_type","USA_AIAP_2025"
10,1,661,13,"11 Public Works and Economic Development Act of 1965, 42 U.S.C. §§ 3121-3233.","footnote_small_type","USA_AIAP_2025"
10,1,670,17,"12 William M. (Mac) Thornberry National Defense Authorization Act for Fiscal Year 2021, 15 U.S.C. § 4656.","footnote_small_type","USA_AIAP_2025"
10,1,680,19,"13 Stevenson-Wydler Technology Innovation Act of 1980, Pub. L. No. 96-480, 94 Stat. 2311 (codified as amended in scattered","footnote_small_type","USA_AIAP_2025"
10,1,690,4,"sections of 15 U.S.C.).","footnote_small_type","USA_AIAP_2025"
10,1,700,10,"14 Defense Production Act of 1950, 50 U.S.C. §§ 4551-4568.","footnote_small_type","USA_AIAP_2025"
10,1,710,15,"15 National Defense Authorization Act for Fiscal years 1990 and 1991, 10 U.S.C. §§ 4021-4022.","footnote_small_type","USA_AIAP_2025"
10,1,735,1,"7","page_number","USA_AIAP_2025"
11,1,42,4,"AMERICA’S AI ACTION PLAN","running_head","USA_AIAP_2025"
11,1,735,1,"8","page_number","USA_AIAP_2025"
12,1,42,4,"AMERICA’S AI ACTION PLAN","running_head","USA_AIAP_2025"
12,1,85,11,"agencies while protecting confidential data from inappropriate access and use. 16","toc_line","USA_AIAP_2025"
12,1,710,14,"16 Confidential Information Protection and Statistical Efficiency Act of 2018, 44 U.S.C. §§ 3561-3583.","footnote_small_type","USA_AIAP_2025"
12,1,735,1,"9","page_number","USA_AIAP_2025"
13,1,42,4,"AMERICA’S AI ACTION PLAN","running_head","USA_AIAP_2025"
13,1,735,1,"10","page_number","USA_AIAP_2025"
14,1,42,4,"AMERICA’S AI ACTION PLAN","running_head","USA_AIAP_2025"
14,1,655,18,"17 Office of Management and Budget, “Accelerating Federal Use of AI through Innovation, Governance, and Public Trust (M-25-","footnote_small_type","USA_AIAP_2025"
14,1,665,10,"21),” (Washington, DC: Executive Office of the President, 2025), www.whitehouse.gov/wp-content/uploads/2025/02/M-25-","footnote_small_type","USA_AIAP_2025"
14,1,674,1,"21-Accelerating-Federal-Use-of-AI-through-Innovation-Governance-and-Public-Trust.pdf.","footnote_small_type","USA_AIAP_2025"
14,1,684,16,"18 Office of Management and Budget, “Driving Efficient Acquisition of Artificial Intelligence in Government (M-25 22),”","footnote_small_type","USA_AIAP_2025"
14,1,694,9,"(Washington, DC: Executive Office of the President, 2025), www.whitehouse.gov/wp-content/uploads/2025/02/M-25-22-","footnote_small_type","USA_AIAP_2025"
14,1,704,1,"Driving-Efficient-Acquisition-of-Artificial-Intelligence-in-Government.pdf.","footnote_small_type","USA_AIAP_2025"
14,1,735,1,"11","page_number","USA_AIAP_2025"
15,1,42,4,"AMERICA’S AI ACTION PLAN","running_head","USA_AIAP_2025"
15,1,710,19,"19 TAKE IT DOWN Act, Pub. L. No. 119-12, 139 Stat. 55 (2025) (codified as 47 U.S.C. § 223(h)).","footnote_small_type","USA_AIAP_2025"
15,1,735,1,"12","page_number","USA_AIAP_2025"
16,1,42,4,"AMERICA’S AI ACTION PLAN","running_head","USA_AIAP_2025"
16,1,151,3,"forensic benchmark. 20","toc_line","USA_AIAP_2025"
16,1,690,17,"20 Haiying Guan, James Horan, and Andrew Zhang, “Guardians of Forensic Evidence: Evaluating Analytic Systems Against AI-","footnote_small_type","USA_AIAP_2025"
16,1,700,13,"Generated Deepfakes,” (Gaithersburg, MD: National Institute of Standards and Technology, January 27, 2025),","footnote_small_type","USA_AIAP_2025"
16,1,710,1,"www.nist.gov/publications/guardians-forensic-evidence-evaluating-analytic-systems-against-ai-generated-deepfakes.","footnote_small_type","USA_AIAP_2025"
16,1,735,1,"13","page_number","USA_AIAP_2025"
17,1,42,4,"AMERICA’S AI ACTION PLAN","running_head","USA_AIAP_2025"
17,1,503,12,"projects eligible under the Fixing America’s Surface Transportation Act of 2015. 25","toc_line","USA_AIAP_2025"
17,1,549,15,"and covers development sites consistent with the size of a modern AI data center. 26","toc_line","USA_AIAP_2025"
17,1,622,18,"21 Executive Order 14156 of January 20, 2025, “Declaring a National Energy Emergency,” Federal Register 90 (18) 8433,","footnote_small_type","USA_AIAP_2025"
17,1,632,1,"www.govinfo.gov/content/pkg/FR-2025-01-29/pdf/2025-02003.pdf.","url_line","USA_AIAP_2025"
17,1,641,15,"22 Presidential Memorandum of April 15, 2025, “Updating Permitting Technology for the 21 st Century,”","footnote_small_type","USA_AIAP_2025"
17,1,651,1,"www.whitehouse.gov/presidential-actions/2025/04/updating-permitting-technology-for-the-21st-century/.","footnote_small_type","USA_AIAP_2025"
17,1,661,18,"23 Executive Order 14213 of February 14, 2025, “Establishing the National Energy Dominance Council,” Federal Register 90 (33)","footnote_small_type","USA_AIAP_2025"
17,1,671,2,"9945, www.govinfo.gov/content/pkg/FR-2025-02-20/pdf/2025-02928.pdf.","footnote_small_type","USA_AIAP_2025"
17,1,680,18,"24 Executive Order 14255 of March 31, 2025, “Establishing the United States Investment Accelerator,” Federal Register 90 (63)","footnote_small_type","USA_AIAP_2025"
17,1,690,2,"14701, www.govinfo.gov/content/pkg/FR-2025-04-03/pdf/2025-05908.pdf.","footnote_small_type","USA_AIAP_2025"
17,1,700,10,"25 Fixing America’s Surface Transportation Act, 42 U.S.C. §§ 4370m-4370m-11.","footnote_small_type","USA_AIAP_2025"
17,1,710,10,"26 Clean Water Act of 1972, 33 U.S.C. § 1344.","footnote_small_type","USA_AIAP_2025"
17,1,735,1,"14","page_number","USA_AIAP_2025"
18,1,42,4,"AMERICA’S AI ACTION PLAN","running_head","USA_AIAP_2025"
18,1,238,12,"through expanding the number of agencies participating in DOE’s PermitAI project. 29","toc_line","USA_AIAP_2025"
18,1,680,10,"27 Clean Air Act of 1963, 42 U.S.C. §§ 7401-7671q.","footnote_small_type","USA_AIAP_2025"
18,1,690,14,"28 Comprehensive Environmental Response, Compensation, and Liability Act of 1980. 42 U.S.C. §§ 9601-9675.","footnote_small_type","USA_AIAP_2025"
18,1,700,18,"29 Office of Policy, U.S. Department of Energy, “Faster, Better Permitting with PermitAI,” (Washington, D.C., July 10, 2025),","footnote_small_type","USA_AIAP_2025"
18,1,710,1,"www.energy.gov/policy/articles/faster-better-permitting-permitai.","footnote_small_type","USA_AIAP_2025"
18,1,735,1,"15","page_number","USA_AIAP_2025"
19,1,42,4,"AMERICA’S AI ACTION PLAN","running_head","USA_AIAP_2025"
19,1,735,1,"16","page_number","USA_AIAP_2025"
20,1,42,4,"AMERICA’S AI ACTION PLAN","running_head","USA_AIAP_2025"
20,1,735,1,"17","page_number","USA_AIAP_2025"
21,1,42,4,"AMERICA’S AI ACTION PLAN","running_head","USA_AIAP_2025"
21,1,735,1,"18","page_number","USA_AIAP_2025"
22,1,42,4,"AMERICA’S AI ACTION PLAN","running_head","USA_AIAP_2025"
22,1,690,18,"30 Executive Order 14306 of June 6, 2025, “Sustaining Select Efforts To Strengthen the Nation’s Cybersecurity and Amending","footnote_small_type","USA_AIAP_2025"
22,1,700,13,"Executive Order 13694 and Executive Order 14144,” Federal Register 90 (111) 24723, www.govinfo.gov/content/pkg/FR-","footnote_small_type","USA_AIAP_2025"
22,1,710,1,"2025-06-11/pdf/2025-10804.pdf.","footnote_small_type","USA_AIAP_2025"
22,1,735,1,"19","page_number","USA_AIAP_2025"
23,1,42,4,"AMERICA’S AI ACTION PLAN","running_head","USA_AIAP_2025"
23,1,735,1,"20","page_number","USA_AIAP_2025"
24,1,42,4,"AMERICA’S AI ACTION PLAN","running_head","USA_AIAP_2025"
24,1,735,1,"21","page_number","USA_AIAP_2025"
25,1,42,4,"AMERICA’S AI ACTION PLAN","running_head","USA_AIAP_2025"
25,1,735,1,"22","page_number","USA_AIAP_2025"
26,1,42,4,"AMERICA’S AI ACTION PLAN","running_head","USA_AIAP_2025"
26,1,735,1,"23","page_number","USA_AIAP_2025"
27,1,42,4,"AMERICA’S AI ACTION PLAN","running_head","USA_AIAP_2025"
27,1,373,5,"This page intentionally left blank.","sparse_page","USA_AIAP_2025"
27,1,735,1,"24","page_number","USA_AIAP_2025"
28,1,42,4,"AMERICA’S AI ACTION PLAN","running_head","USA_AIAP_2025"
28,1,735,1,"25","page_number","USA_AIAP_2025"
1,1,154,3,"Artificial Intelligence Strategy","sparse_page","DEU_AISTRAT_2018"
1,1,233,3,"Status: November 2018","sparse_page","DEU_AISTRAT_2018"
1,1,793,1,"www.ki-strategie-deutschland.de","running_head","DEU_AISTRAT_2018"
2,1,796,1,"www.ki-strategie-deutschland.de","running_head","DEU_AISTRAT_2018"
2,1,817,1,"2","page_number","DEU_AISTRAT_2018"
3,1,71,1,"Content","toc_page","DEU_AISTRAT_2018"
3,1,133,2,"Foreword 4","toc_page","DEU_AISTRAT_2018"
3,1,139,261,". . . . . . . . . . . . . . . . . . . . . . . . . . . . . . . . . . . . . . . . . . . . . . . . . . . . . . . . . . . . . . . . . . . . . . . . . . . . . . . . . . . . . . . . . . . . . . . . . . . . . . . . . . . . . . . . . . . . . . . . . . . . . . . . . . . . . . . . . . . . . . . . . . . . . . . . . . . . . . . . . . . . . . . . . . . . . . . . . . . . . . . . . . . . . . . . . . . . . . . . . . . . . . . . . . . . . . . . . . . . . . . . . . . . . . . . . . . . . . . . . . . . . . . . . . . . . . . . . . . . .","toc_page","DEU_AISTRAT_2018"
3,1,172,6,"Summary “AI made in Germany” 6","toc_page","DEU_AISTRAT_2018"
3,1,178,202,". . . . . . . . . . . . . . . . . . . . . . . . . . . . . . . . . . . . . . . . . . . . . . . . . . . . . . . . . . . . . . . . . . . . . . . . . . . . . . . . . . . . . . . . . . . . . . . . . . . . . . . . . . . . . . . . . . . . . . . . . . . . . . . . . . . . . . . . . . . . . . . . . . . . . . . . . . . . . . . . . . . . . . . . . . . . . . . . . . . . . . . . . . . . . . . . . . . . . . . . . .","toc_page","DEU_AISTRAT_2018"
3,1,211,3,"1. Goals 8","toc_page","DEU_AISTRAT_2018"
3,1,217,260,". . . . . . . . . . . . . . . . . . . . . . . . . . . . . . . . . . . . . . . . . . . . . . . . . . . . . . . . . . . . . . . . . . . . . . . . . . . . . . . . . . . . . . . . . . . . . . . . . . . . . . . . . . . . . . . . . . . . . . . . . . . . . . . . . . . . . . . . . . . . . . . . . . . . . . . . . . . . . . . . . . . . . . . . . . . . . . . . . . . . . . . . . . . . . . . . . . . . . . . . . . . . . . . . . . . . . . . . . . . . . . . . . . . . . . . . . . . . . . . . . . . . . . . . . . . . . . . . . . . .","toc_page","DEU_AISTRAT_2018"
3,1,250,4,"2. Current situation 10","toc_page","DEU_AISTRAT_2018"
3,1,256,226,". . . . . . . . . . . . . . . . . . . . . . . . . . . . . . . . . . . . . . . . . . . . . . . . . . . . . . . . . . . . . . . . . . . . . . . . . . . . . . . . . . . . . . . . . . . . . . . . . . . . . . . . . . . . . . . . . . . . . . . . . . . . . . . . . . . . . . . . . . . . . . . . . . . . . . . . . . . . . . . . . . . . . . . . . . . . . . . . . . . . . . . . . . . . . . . . . . . . . . . . . . . . . . . . . . . . . . . . . . . . . . . . . .","toc_page","DEU_AISTRAT_2018"
3,1,289,5,"3. Fields of action 12","toc_page","DEU_AISTRAT_2018"
3,1,295,232,". . . . . . . . . . . . . . . . . . . . . . . . . . . . . . . . . . . . . . . . . . . . . . . . . . . . . . . . . . . . . . . . . . . . . . . . . . . . . . . . . . . . . . . . . . . . . . . . . . . . . . . . . . . . . . . . . . . . . . . . . . . . . . . . . . . . . . . . . . . . . . . . . . . . . . . . . . . . . . . . . . . . . . . . . . . . . . . . . . . . . . . . . . . . . . . . . . . . . . . . . . . . . . . . . . . . . . . . . . . . . . . . . . . . . . . .","toc_page","DEU_AISTRAT_2018"
3,1,315,15,"3.1 Strengthening research in Germany and Europe in order to be drivers of innovation 12","toc_page","DEU_AISTRAT_2018"
3,1,321,48,". . . . . . . . . . . . . . . . . . . . . . . . . . . . . . . . . . . . . . . . . . . . . . . .","toc_page","DEU_AISTRAT_2018"
3,1,341,8,"3.2 Innovation competitions and European innovation clusters 20","toc_page","DEU_AISTRAT_2018"
3,1,347,108,". . . . . . . . . . . . . . . . . . . . . . . . . . . . . . . . . . . . . . . . . . . . . . . . . . . . . . . . . . . . . . . . . . . . . . . . . . . . . . . . . . . . . . . . . . . . . . . . . . . . . . . . . . . .","toc_page","DEU_AISTRAT_2018"
3,1,367,8,"3.3 Transfer to business, strengthening the Mittelstand 21","toc_page","DEU_AISTRAT_2018"
3,1,373,129,". . . . . . . . . . . . . . . . . . . . . . . . . . . . . . . . . . . . . . . . . . . . . . . . . . . . . . . . . . . . . . . . . . . . . . . . . . . . . . . . . . . . . . . . . . . . . . . . . . . . . . . . . . . . . . . . . . . . . . . . . . . . . . . . .","toc_page","DEU_AISTRAT_2018"
3,1,393,13,"3.4 Fostering the founding of new businesses and leading them to success 24","toc_page","DEU_AISTRAT_2018"
3,1,399,83,". . . . . . . . . . . . . . . . . . . . . . . . . . . . . . . . . . . . . . . . . . . . . . . . . . . . . . . . . . . . . . . . . . . . . . . . . . . . . . . . . . .","toc_page","DEU_AISTRAT_2018"
3,1,419,11,"3.5 World of work and labour market: shaping structural change 25","toc_page","DEU_AISTRAT_2018"
3,1,425,105,". . . . . . . . . . . . . . . . . . . . . . . . . . . . . . . . . . . . . . . . . . . . . . . . . . . . . . . . . . . . . . . . . . . . . . . . . . . . . . . . . . . . . . . . . . . . . . . . . . . . . . . . .","toc_page","DEU_AISTRAT_2018"
3,1,445,9,"3.6 Strengthening vocational training and attracting skilled labour/experts 29","toc_page","DEU_AISTRAT_2018"
3,1,451,81,". . . . . . . . . . . . . . . . . . . . . . . . . . . . . . . . . . . . . . . . . . . . . . . . . . . . . . . . . . . . . . . . . . . . . . . . . . . . . . . . .","toc_page","DEU_AISTRAT_2018"
3,1,471,13,"3.7 Using AI for tasks reserved for the state and administrative tasks 31","toc_page","DEU_AISTRAT_2018"
3,1,477,97,". . . . . . . . . . . . . . . . . . . . . . . . . . . . . . . . . . . . . . . . . . . . . . . . . . . . . . . . . . . . . . . . . . . . . . . . . . . . . . . . . . . . . . . . . . . . . . . . .","toc_page","DEU_AISTRAT_2018"
3,1,497,9,"3.8 Making data available and facilitating its use 32","toc_page","DEU_AISTRAT_2018"
3,1,503,145,". . . . . . . . . . . . . . . . . . . . . . . . . . . . . . . . . . . . . . . . . . . . . . . . . . . . . . . . . . . . . . . . . . . . . . . . . . . . . . . . . . . . . . . . . . . . . . . . . . . . . . . . . . . . . . . . . . . . . . . . . . . . . . . . . . . . . . . . . . . . . . . . .","toc_page","DEU_AISTRAT_2018"
3,1,523,6,"3.9 Adapting the regulatory framework 37","toc_page","DEU_AISTRAT_2018"
3,1,529,165,". . . . . . . . . . . . . . . . . . . . . . . . . . . . . . . . . . . . . . . . . . . . . . . . . . . . . . . . . . . . . . . . . . . . . . . . . . . . . . . . . . . . . . . . . . . . . . . . . . . . . . . . . . . . . . . . . . . . . . . . . . . . . . . . . . . . . . . . . . . . . . . . . . . . . . . . . . . . . . . . . . . . .","toc_page","DEU_AISTRAT_2018"
3,1,549,4,"3.10 Setting standards 39","toc_page","DEU_AISTRAT_2018"
3,1,555,211,". . . . . . . . . . . . . . . . . . . . . . . . . . . . . . . . . . . . . . . . . . . . . . . . . . . . . . . . . . . . . . . . . . . . . . . . . . . . . . . . . . . . . . . . . . . . . . . . . . . . . . . . . . . . . . . . . . . . . . . . . . . . . . . . . . . . . . . . . . . . . . . . . . . . . . . . . . . . . . . . . . . . . . . . . . . . . . . . . . . . . . . . . . . . . . . . . . . . . . . . . . . . . . . . . . .","toc_page","DEU_AISTRAT_2018"
3,1,575,6,"3.11 National and international networking 40","toc_page","DEU_AISTRAT_2018"
3,1,581,158,". . . . . . . . . . . . . . . . . . . . . . . . . . . . . . . . . . . . . . . . . . . . . . . . . . . . . . . . . . . . . . . . . . . . . . . . . . . . . . . . . . . . . . . . . . . . . . . . . . . . . . . . . . . . . . . . . . . . . . . . . . . . . . . . . . . . . . . . . . . . . . . . . . . . . . . . . . . . . .","toc_page","DEU_AISTRAT_2018"
3,1,601,17,"3.12 Engaging in dialogue with society and continuing the development of the framework for policy action 43","toc_page","DEU_AISTRAT_2018"
3,1,607,4,". . . .","toc_page","DEU_AISTRAT_2018"
3,1,796,1,"www.ki-strategie-deutschland.de","running_head","DEU_AISTRAT_2018"
3,1,817,1,"3","page_number","DEU_AISTRAT_2018"
4,1,71,1,"Foreword","excluded_section","DEU_AISTRAT_2018"
4,1,120,19,"In this Artificial Intelligence (AI) Strategy, the Federal Government sets out a framework for a holistic policy on the","excluded_section","DEU_AISTRAT_2018"
4,1,133,8,"future development and application of AI in Germany.","excluded_section","DEU_AISTRAT_2018"
4,1,159,18,"In this Strategy, the Federal Government takes particular account firstly of the rapid advances in AI technology and","excluded_section","DEU_AISTRAT_2018"
4,1,172,17,"global changes in production and value chains resulting from new AI technologies. Research and innovation are the","excluded_section","DEU_AISTRAT_2018"
4,1,185,19,"foundations for the AI technologies of the future. Here, Germany is very well positioned due to its excellent, broad-","excluded_section","DEU_AISTRAT_2018"
4,1,198,16,"based research landscape. The Federal Government aims to strengthen Germany as a centre for AI research.","excluded_section","DEU_AISTRAT_2018"
4,1,224,16,"Secondly, the Federal Government is responding to the many signals from the business, science and policy-making","excluded_section","DEU_AISTRAT_2018"
4,1,237,18,"communities that AI should be regarded as a key enabling technology and that lasting investment in applications should","excluded_section","DEU_AISTRAT_2018"
4,1,250,20,"be undertaken or facilitated. We want to help our companies to make better use of the potential of AI technologies","excluded_section","DEU_AISTRAT_2018"
4,1,263,17,"deriving from research so that they can thrive in the face of international competition. The Federal Government","excluded_section","DEU_AISTRAT_2018"
4,1,276,18,"therefore intends to prioritise the funding of AI applications in the business sector, and particularly in small and","excluded_section","DEU_AISTRAT_2018"
4,1,289,2,"medium-sized enterprises.","excluded_section","DEU_AISTRAT_2018"
4,1,315,20,"Thirdly, the Strategy is based on the democratic desire to anchor such a far-reaching technology as AI, which may also","excluded_section","DEU_AISTRAT_2018"
4,1,328,18,"be deployed in sensitive areas of life, in an ethical, legal, cultural and institutional context which upholds fundamental","excluded_section","DEU_AISTRAT_2018"
4,1,341,17,"social values and individual rights and ensures that the technology serves society and individuals. This requires that","excluded_section","DEU_AISTRAT_2018"
4,1,354,17,"future developments, including opportunities and risks, are anticipated as far as is possible, because although AI is","excluded_section","DEU_AISTRAT_2018"
4,1,367,18,"currently coming into our day-to-day lives in the shape of isolated applications of autonomous and smart systems, the","excluded_section","DEU_AISTRAT_2018"
4,1,380,19,"level of expertise and experience with the technology is not yet sufficiently widespread for society to have clarified its","excluded_section","DEU_AISTRAT_2018"
4,1,393,17,"relationship with the technology. The Data Ethics Commission and the Study Commission of the Bundestag which took","excluded_section","DEU_AISTRAT_2018"
4,1,406,19,"up their work a few weeks ago are doing important pioneering work here and will support the Federal Government","excluded_section","DEU_AISTRAT_2018"
4,1,419,3,"by making recommendations.","excluded_section","DEU_AISTRAT_2018"
4,1,445,22,"In order to plan the future approach, the federal cabinet adopted key points for the AI Strategy on 18 July 2018. These","excluded_section","DEU_AISTRAT_2018"
4,1,458,18,"were developed further and fleshed out on the basis of feedback from expert forums and a comprehensive public","excluded_section","DEU_AISTRAT_2018"
4,1,471,13,"consultation process. The results of these processes are documented (in German) at www.ki-strategie-deutschland.de.","excluded_section","DEU_AISTRAT_2018"
4,1,497,19,"Against the backdrop of the dynamic development of this field of technology, this Strategy serves as a framework for","excluded_section","DEU_AISTRAT_2018"
4,1,510,17,"action by the Federal Government. It is part of the Federal Government’s digitalisation implementation strategy. At the","excluded_section","DEU_AISTRAT_2018"
4,1,523,22,"beginning of 2020, the Strategy will be developed further in line with the status of the debate and the needs, and will","excluded_section","DEU_AISTRAT_2018"
4,1,536,10,"be brought into line with the latest developments and requirements.","excluded_section","DEU_AISTRAT_2018"
4,1,575,4,"Definition of “artificial intelligence”","excluded_section","DEU_AISTRAT_2018"
4,1,601,18,"There is no definition of AI which generally valid or used consistently by all stakeholders. The Federal Govern-","excluded_section","DEU_AISTRAT_2018"
4,1,614,11,"ment’s AI Strategy is based on the following understanding of AI:","excluded_section","DEU_AISTRAT_2018"
4,1,640,19,"In highly abstract terms, AI researchers can be assigned to two groups: “strong” and “weak” AI. “Strong” AI means","excluded_section","DEU_AISTRAT_2018"
4,1,653,19,"that AI systems have the same intellectual capabilities as humans, or even exceed them. “Weak” AI is focused on","excluded_section","DEU_AISTRAT_2018"
4,1,666,15,"the solution of specific problems using methods from mathematics and computer science, whereby the systems","excluded_section","DEU_AISTRAT_2018"
4,1,679,16,"developed are capable of self-optimisation. To this end, aspects of human intelligence are mapped and formally","excluded_section","DEU_AISTRAT_2018"
4,1,692,11,"described, and systems are designed to simulate and support human thinking.","excluded_section","DEU_AISTRAT_2018"
4,1,796,1,"www.ki-strategie-deutschland.de","running_head","DEU_AISTRAT_2018"
4,1,817,1,"4","page_number","DEU_AISTRAT_2018"
5,1,81,21,"The Federal Government is oriented its strategy to the use of AI to solve specific problems, i. e. to the “weak”","excluded_section","DEU_AISTRAT_2018"
5,1,94,1,"approach:","excluded_section","DEU_AISTRAT_2018"
5,1,120,13,"1. Deduction systems, machine-based proofs: deduction of formal statements from logical expressions, systems","excluded_section","DEU_AISTRAT_2018"
5,1,133,8,"to prove the correctness of hardware and software","excluded_section","DEU_AISTRAT_2018"
5,1,159,15,"2. Knowledge-based systems: methods to model and gather expertise; software to simulate human expertise and","excluded_section","DEU_AISTRAT_2018"
5,1,172,14,"to support experts (previously designated “expert systems”); to some extent coupled with psychology and","excluded_section","DEU_AISTRAT_2018"
5,1,185,2,"cognitive sciences;","excluded_section","DEU_AISTRAT_2018"
5,1,211,14,"3. Pattern analysis and pattern recognition: inductive analytical processes in general, machine learning in","excluded_section","DEU_AISTRAT_2018"
5,1,224,1,"particular;","excluded_section","DEU_AISTRAT_2018"
5,1,250,10,"4. Robotics: autonomous control of robotic systems, i.e. autonomous systems;","excluded_section","DEU_AISTRAT_2018"
5,1,276,12,"5. Smart multimodal human-machine interaction: analysis and “understanding” of language (in conjunction","excluded_section","DEU_AISTRAT_2018"
5,1,289,10,"with linguistics), images, gestures and other forms of human interaction.","excluded_section","DEU_AISTRAT_2018"
5,1,796,1,"www.ki-strategie-deutschland.de","running_head","DEU_AISTRAT_2018"
5,1,817,1,"5","page_number","DEU_AISTRAT_2018"
6,1,796,1,"www.ki-strategie-deutschland.de","running_head","DEU_AISTRAT_2018"
6,1,817,1,"6","page_number","DEU_AISTRAT_2018"
7,1,796,1,"www.ki-strategie-deutschland.de","running_head","DEU_AISTRAT_2018"
7,1,817,1,"7","page_number","DEU_AISTRAT_2018"
8,1,796,1,"www.ki-strategie-deutschland.de","running_head","DEU_AISTRAT_2018"
8,1,817,1,"8","page_number","DEU_AISTRAT_2018"
9,1,796,1,"www.ki-strategie-deutschland.de","running_head","DEU_AISTRAT_2018"
9,1,817,1,"9","page_number","DEU_AISTRAT_2018"
10,1,796,1,"www.ki-strategie-deutschland.de","running_head","DEU_AISTRAT_2018"
10,1,817,1,"10","page_number","DEU_AISTRAT_2018"
11,1,796,1,"www.ki-strategie-deutschland.de","running_head","DEU_AISTRAT_2018"
11,1,817,1,"11","page_number","DEU_AISTRAT_2018"
12,1,796,1,"www.ki-strategie-deutschland.de","running_head","DEU_AISTRAT_2018"
12,1,817,1,"12","page_number","DEU_AISTRAT_2018"
13,1,796,1,"www.ki-strategie-deutschland.de","running_head","DEU_AISTRAT_2018"
13,1,817,1,"13","page_number","DEU_AISTRAT_2018"
14,1,796,1,"www.ki-strategie-deutschland.de","running_head","DEU_AISTRAT_2018"
14,1,817,1,"14","page_number","DEU_AISTRAT_2018"
15,1,796,1,"www.ki-strategie-deutschland.de","running_head","DEU_AISTRAT_2018"
15,1,817,1,"15","page_number","DEU_AISTRAT_2018"
16,1,796,1,"www.ki-strategie-deutschland.de","running_head","DEU_AISTRAT_2018"
16,1,817,1,"16","page_number","DEU_AISTRAT_2018"
17,1,796,1,"www.ki-strategie-deutschland.de","running_head","DEU_AISTRAT_2018"
17,1,817,1,"17","page_number","DEU_AISTRAT_2018"
18,1,796,1,"www.ki-strategie-deutschland.de","running_head","DEU_AISTRAT_2018"
18,1,817,1,"18","page_number","DEU_AISTRAT_2018"
19,1,796,1,"www.ki-strategie-deutschland.de","running_head","DEU_AISTRAT_2018"
19,1,817,1,"19","page_number","DEU_AISTRAT_2018"
20,1,796,1,"www.ki-strategie-deutschland.de","running_head","DEU_AISTRAT_2018"
20,1,817,1,"20","page_number","DEU_AISTRAT_2018"
21,1,796,1,"www.ki-strategie-deutschland.de","running_head","DEU_AISTRAT_2018"
21,1,817,1,"21","page_number","DEU_AISTRAT_2018"
22,1,796,1,"www.ki-strategie-deutschland.de","running_head","DEU_AISTRAT_2018"
22,1,817,1,"22","page_number","DEU_AISTRAT_2018"
23,1,796,1,"www.ki-strategie-deutschland.de","running_head","DEU_AISTRAT_2018"
23,1,817,1,"23","page_number","DEU_AISTRAT_2018"
24,1,796,1,"www.ki-strategie-deutschland.de","running_head","DEU_AISTRAT_2018"
24,1,817,1,"24","page_number","DEU_AISTRAT_2018"
25,1,796,1,"www.ki-strategie-deutschland.de","running_head","DEU_AISTRAT_2018"
25,1,817,1,"25","page_number","DEU_AISTRAT_2018"
26,1,796,1,"www.ki-strategie-deutschland.de","running_head","DEU_AISTRAT_2018"
26,1,817,1,"26","page_number","DEU_AISTRAT_2018"
27,1,796,1,"www.ki-strategie-deutschland.de","running_head","DEU_AISTRAT_2018"
27,1,817,1,"27","page_number","DEU_AISTRAT_2018"
28,1,796,1,"www.ki-strategie-deutschland.de","running_head","DEU_AISTRAT_2018"
28,1,817,1,"28","page_number","DEU_AISTRAT_2018"
29,1,796,1,"www.ki-strategie-deutschland.de","running_head","DEU_AISTRAT_2018"
29,1,817,1,"29","page_number","DEU_AISTRAT_2018"
30,1,796,1,"www.ki-strategie-deutschland.de","running_head","DEU_AISTRAT_2018"
30,1,817,1,"30","page_number","DEU_AISTRAT_2018"
31,1,796,1,"www.ki-strategie-deutschland.de","running_head","DEU_AISTRAT_2018"
31,1,817,1,"31","page_number","DEU_AISTRAT_2018"
32,1,796,1,"www.ki-strategie-deutschland.de","running_head","DEU_AISTRAT_2018"
32,1,817,1,"32","page_number","DEU_AISTRAT_2018"
33,1,796,1,"www.ki-strategie-deutschland.de","running_head","DEU_AISTRAT_2018"
33,1,817,1,"33","page_number","DEU_AISTRAT_2018"
34,1,796,1,"www.ki-strategie-deutschland.de","running_head","DEU_AISTRAT_2018"
34,1,817,1,"34","page_number","DEU_AISTRAT_2018"
35,1,796,1,"www.ki-strategie-deutschland.de","running_head","DEU_AISTRAT_2018"
35,1,817,1,"35","page_number","DEU_AISTRAT_2018"
36,1,796,1,"www.ki-strategie-deutschland.de","running_head","DEU_AISTRAT_2018"
36,1,817,1,"36","page_number","DEU_AISTRAT_2018"
37,1,796,1,"www.ki-strategie-deutschland.de","running_head","DEU_AISTRAT_2018"
37,1,817,1,"37","page_number","DEU_AISTRAT_2018"
38,1,796,1,"www.ki-strategie-deutschland.de","running_head","DEU_AISTRAT_2018"
38,1,817,1,"38","page_number","DEU_AISTRAT_2018"
39,1,796,1,"www.ki-strategie-deutschland.de","running_head","DEU_AISTRAT_2018"
39,1,817,1,"39","page_number","DEU_AISTRAT_2018"
40,1,796,1,"www.ki-strategie-deutschland.de","running_head","DEU_AISTRAT_2018"
40,1,817,1,"40","page_number","DEU_AISTRAT_2018"
41,1,796,1,"www.ki-strategie-deutschland.de","running_head","DEU_AISTRAT_2018"
41,1,817,1,"41","page_number","DEU_AISTRAT_2018"
42,1,796,1,"www.ki-strategie-deutschland.de","running_head","DEU_AISTRAT_2018"
42,1,817,1,"42","page_number","DEU_AISTRAT_2018"
43,1,796,1,"www.ki-strategie-deutschland.de","running_head","DEU_AISTRAT_2018"
43,1,817,1,"43","page_number","DEU_AISTRAT_2018"
44,1,796,1,"www.ki-strategie-deutschland.de","running_head","DEU_AISTRAT_2018"
44,1,817,1,"44","page_number","DEU_AISTRAT_2018"
45,1,796,1,"www.ki-strategie-deutschland.de","running_head","DEU_AISTRAT_2018"
45,1,817,1,"45","page_number","DEU_AISTRAT_2018"
2,1,35,5,"National Strategy for Artificial Intelligence","running_head","IND_NAIS_2018"
2,1,436,7,"This page has been intentionally left blank","sparse_page","IND_NAIS_2018"
2,1,801,1,"2","page_number","IND_NAIS_2018"
3,1,35,5,"National Strategy for Artificial Intelligence","running_head","IND_NAIS_2018"
3,1,422,1,"Acknowledgments","excluded_section","IND_NAIS_2018"
3,1,452,16,"In writing this Report, Arnab Kumar, Punit Shukla, Aalekh Sharan and Tanay Mahindru of NITI Aayog","excluded_section","IND_NAIS_2018"
3,1,466,4,"have made valuable contributions.","excluded_section","IND_NAIS_2018"
3,1,488,17,"Inputs were also provided by Dr. Avik Sarkar, Dr. Ashish Nayan and Kartikeya Asthana of NITI Aayog.","excluded_section","IND_NAIS_2018"
3,1,511,17,"The valuable contributions of Mr. P. Anandan and his team from Wadhwani Institute for AI, Dr. Manish","excluded_section","IND_NAIS_2018"
3,1,525,15,"Gupta of Videoken, Prof. Ramesh Raskar of MIT Media Labs, nVIDIA, Intel, IBM, NASSCOM, McKinsey","excluded_section","IND_NAIS_2018"
3,1,539,14,"and Accenture are also thankfully acknowledged. Special contribution of Accenture in the production of","excluded_section","IND_NAIS_2018"
3,1,554,5,"this report is also acknowledged.","excluded_section","IND_NAIS_2018"
3,1,654,2,"Anna Roy","excluded_section","IND_NAIS_2018"
3,1,668,2,"Advisor (Industry)","excluded_section","IND_NAIS_2018"
3,1,682,2,"NITI Aayog","excluded_section","IND_NAIS_2018"
3,1,801,1,"3","page_number","IND_NAIS_2018"
4,1,35,5,"National Strategy for Artificial Intelligence","running_head","IND_NAIS_2018"
4,1,56,1,"Contents","toc_page","IND_NAIS_2018"
4,1,101,2,"INTRODUCTION 5","toc_page","IND_NAIS_2018"
4,1,131,3,"EXECUTIVE SUMMARY 7","toc_page","IND_NAIS_2018"
4,1,162,5,"WHAT IS ARTIFICIAL INTELLIGENCE? 12","toc_page","IND_NAIS_2018"
4,1,192,6,"GLOBAL DEVELOPMENTS IN ARTIFICIAL INTELLIGENCE 16","toc_page","IND_NAIS_2018"
4,1,223,5,"ARTIFICIAL INTELLIGENCE AND INDIA 18","toc_page","IND_NAIS_2018"
4,1,253,6,"FOCUS AREAS FOR AI INTERVENTION 24","toc_page","IND_NAIS_2018"
4,1,266,2,"Healthcare 24","toc_page","IND_NAIS_2018"
4,1,278,2,"Agriculture 30","toc_page","IND_NAIS_2018"
4,1,290,2,"Education 35","toc_page","IND_NAIS_2018"
4,1,303,5,"Smart Cities and Infrastructure 39","toc_page","IND_NAIS_2018"
4,1,315,5,"Smart Mobility and Transportation 41","toc_page","IND_NAIS_2018"
4,1,346,9,"KEY CHALLENGES TO ADOPTION OF AI IN INDIA 46","toc_page","IND_NAIS_2018"
4,1,376,9,"WAY FORWARD TO HARNESS THE POWER OF AI 48","toc_page","IND_NAIS_2018"
4,1,406,2,"RESEARCH 50","toc_page","IND_NAIS_2018"
4,1,437,6,"SKILLING FOR THE AI AGE 64","toc_page","IND_NAIS_2018"
4,1,467,3,"ACCELERATING ADOPTION 71","toc_page","IND_NAIS_2018"
4,1,498,7,"ETHICS, PRIVACY, SECURITY AND ARTIFICIAL INTELLIGENCE 85","toc_page","IND_NAIS_2018"
4,1,528,5,"ACTIONS FOR THE GOVERNMENT 91","toc_page","IND_NAIS_2018"
4,1,558,6,"APPENDIX I: ARTIFICIAL INTELLIGENCE EXPLAINED 96","toc_page","IND_NAIS_2018"
4,1,589,7,"APPENDIX II: GLOBAL COUNTRY STRATEGY REVIEW 100","toc_page","IND_NAIS_2018"
4,1,619,5,"APPENDIX III: DATA ECOSYSTEM 110","toc_page","IND_NAIS_2018"
4,1,801,1,"4","page_number","IND_NAIS_2018"
5,1,35,5,"National Strategy for Artificial Intelligence","running_head","IND_NAIS_2018"
5,1,801,1,"5","page_number","IND_NAIS_2018"
6,1,35,5,"National Strategy for Artificial Intelligence","running_head","IND_NAIS_2018"
6,1,801,1,"6","page_number","IND_NAIS_2018"
7,1,35,5,"National Strategy for Artificial Intelligence","running_head","IND_NAIS_2018"
7,1,801,1,"7","page_number","IND_NAIS_2018"
8,1,35,5,"National Strategy for Artificial Intelligence","running_head","IND_NAIS_2018"
8,1,801,1,"8","page_number","IND_NAIS_2018"
9,1,35,5,"National Strategy for Artificial Intelligence","running_head","IND_NAIS_2018"
9,1,801,1,"9","page_number","IND_NAIS_2018"
10,1,35,5,"National Strategy for Artificial Intelligence","running_head","IND_NAIS_2018"
10,1,348,7,"This page has been intentionally left blank","sparse_page","IND_NAIS_2018"
10,1,801,1,"10","page_number","IND_NAIS_2018"
12,1,35,5,"National Strategy for Artificial Intelligence","running_head","IND_NAIS_2018"
12,1,787,15,"1 Worldwide Semi-annual Cognitive Artificial Intelligence Systems Spending Guide from International Data Corp. (IDC), 2017","footnote_small_type","IND_NAIS_2018"
12,1,801,1,"12","page_number","IND_NAIS_2018"
13,1,35,5,"National Strategy for Artificial Intelligence","running_head","IND_NAIS_2018"
13,1,97,6,"Figure 1: What is Artificial Intelligence","caption_or_source","IND_NAIS_2018"
13,1,403,1,"Source:","caption_or_source","IND_NAIS_2018"
13,1,528,5,"Figure 2: Evolution of AI","caption_or_source","IND_NAIS_2018"
13,1,681,1,"Source:","caption_or_source","IND_NAIS_2018"
13,1,801,1,"13","page_number","IND_NAIS_2018"
14,1,35,5,"National Strategy for Artificial Intelligence","running_head","IND_NAIS_2018"
14,1,382,7,"Box 1: Machine Learning and Deep Learning","caption_or_source","IND_NAIS_2018"
14,1,594,7,"Figure 3: AI, ML and Deep Learning","caption_or_source","IND_NAIS_2018"
14,1,736,2,"Source: nVIDIA","footnote_small_type","IND_NAIS_2018"
14,1,774,16,"2 Data Age 2025: “The Evolution of Data to Life-Critical whitepaper by International Data Corporation, 2017”","footnote_small_type","IND_NAIS_2018"
14,1,787,12,"3 Medium.com: “The Difference Between Artificial Intelligence, Machine Learning, and Deep Learning”","footnote_small_type","IND_NAIS_2018"
14,1,801,1,"14","page_number","IND_NAIS_2018"
15,1,35,5,"National Strategy for Artificial Intelligence","running_head","IND_NAIS_2018"
15,1,481,7,"Figure 4: Narrow AI vs. General AI","caption_or_source","IND_NAIS_2018"
15,1,715,1,"Source:","footnote_small_type","IND_NAIS_2018"
15,1,724,1,"Accenture","footnote_small_type","IND_NAIS_2018"
15,1,801,1,"15","page_number","IND_NAIS_2018"
16,1,35,5,"National Strategy for Artificial Intelligence","running_head","IND_NAIS_2018"
16,1,801,1,"16","page_number","IND_NAIS_2018"
17,1,35,5,"National Strategy for Artificial Intelligence","running_head","IND_NAIS_2018"
17,1,787,10,"4 Future of Jobs in India: A 2022 Perspective, 2017","footnote_small_type","IND_NAIS_2018"
17,1,801,1,"17","page_number","IND_NAIS_2018"
18,1,35,5,"National Strategy for Artificial Intelligence","running_head","IND_NAIS_2018"
18,1,787,12,"5 Rewire for Growth: Accelerating India’s Economic Growth with Artificial Intelligence, Accenture","footnote_small_type","IND_NAIS_2018"
18,1,801,1,"18","page_number","IND_NAIS_2018"
19,1,35,5,"National Strategy for Artificial Intelligence","running_head","IND_NAIS_2018"
19,1,106,6,"Figure 5: Unlocking innovation through AI","caption_or_source","IND_NAIS_2018"
19,1,276,1,"Source:","caption_or_source","IND_NAIS_2018"
19,1,801,1,"19","page_number","IND_NAIS_2018"
20,1,35,5,"National Strategy for Artificial Intelligence","running_head","IND_NAIS_2018"
20,1,801,1,"20","page_number","IND_NAIS_2018"
21,1,35,5,"National Strategy for Artificial Intelligence","running_head","IND_NAIS_2018"
21,1,234,11,"Figure 6: Current AI adoption and future AI investments by sector","caption_or_source","IND_NAIS_2018"
21,1,523,1,"Source:","caption_or_source","IND_NAIS_2018"
21,1,801,1,"21","page_number","IND_NAIS_2018"
22,1,35,5,"National Strategy for Artificial Intelligence","running_head","IND_NAIS_2018"
22,1,774,9,"6 BCG “AI in the Factory of the Future”","footnote_small_type","IND_NAIS_2018"
22,1,787,15,"7 McKinsey Global Institute “Notes From The AI Frontier: Insights From Hundreds Of Use Cases”","footnote_small_type","IND_NAIS_2018"
22,1,801,1,"22","page_number","IND_NAIS_2018"
24,1,35,5,"National Strategy for Artificial Intelligence","running_head","IND_NAIS_2018"
24,1,447,7,"Figure 7: Accessibility of Healthcare across India","caption_or_source","IND_NAIS_2018"
24,1,654,1,"Source:","caption_or_source","IND_NAIS_2018"
24,1,758,3,"8 FICCI-KPMG study","footnote_small_type","IND_NAIS_2018"
24,1,772,5,"9 WHO website, PwC analysis","footnote_small_type","IND_NAIS_2018"
24,1,801,1,"24","page_number","IND_NAIS_2018"
25,1,35,5,"National Strategy for Artificial Intelligence","running_head","IND_NAIS_2018"
25,1,201,13,"Box 2: What TMH’s Cancer heat map tells us about the availability of","caption_or_source","IND_NAIS_2018"
25,1,311,8,"Figure 8: Geographic location of TMH cancer patients","caption_or_source","IND_NAIS_2018"
25,1,713,4,"Credit: Tata Memorial Centre","footnote_small_type","IND_NAIS_2018"
25,1,801,1,"25","page_number","IND_NAIS_2018"
26,1,35,5,"National Strategy for Artificial Intelligence","running_head","IND_NAIS_2018"
26,1,326,10,"Box 3: Government of India’s push for Universal Healthcare Coverage","caption_or_source","IND_NAIS_2018"
26,1,772,6,"10 National Health Policy 2015 Draft","footnote_small_type","IND_NAIS_2018"
26,1,801,1,"26","page_number","IND_NAIS_2018"
27,1,35,5,"National Strategy for Artificial Intelligence","running_head","IND_NAIS_2018"
27,1,211,5,"Figure 9: Features of HWC","caption_or_source","IND_NAIS_2018"
27,1,234,7,"1 Care in pregnancy 7 Common ophthalmic","footnote_small_type","IND_NAIS_2018"
27,1,259,9,"2 Neonatal, infant health 8 Out-patient care for acute","footnote_small_type","IND_NAIS_2018"
27,1,285,10,"3 Childhood and primary health care 9 Basic oral healthcare","footnote_small_type","IND_NAIS_2018"
27,1,310,7,"4 Family planning / 10 Manageable emergency","footnote_small_type","IND_NAIS_2018"
27,1,335,7,"5 Communicable diseases 11 Screening / management","footnote_small_type","IND_NAIS_2018"
27,1,360,11,"6 Screening, prevention basic services, and payment 12 Elderly and palliative","footnote_small_type","IND_NAIS_2018"
27,1,801,1,"27","page_number","IND_NAIS_2018"
28,1,35,5,"National Strategy for Artificial Intelligence","running_head","IND_NAIS_2018"
28,1,214,9,"Figure 10: Potential use cases of AI in Healthcare","caption_or_source","IND_NAIS_2018"
28,1,337,1,"Source:","caption_or_source","IND_NAIS_2018"
28,1,611,7,"Box 4: AI for India’s cancer woes","caption_or_source","IND_NAIS_2018"
28,1,762,19,"11 Frost & Sullivan, “From $600 M to $6 Billion, Artificial Intelligence Systems Poised for Dramatic Market Expansion in","footnote_small_type","IND_NAIS_2018"
28,1,772,1,"Healthcare”","footnote_small_type","IND_NAIS_2018"
28,1,801,1,"28","page_number","IND_NAIS_2018"
29,1,35,5,"National Strategy for Artificial Intelligence","running_head","IND_NAIS_2018"
29,1,801,1,"29","page_number","IND_NAIS_2018"
30,1,35,5,"National Strategy for Artificial Intelligence","running_head","IND_NAIS_2018"
30,1,533,8,"Figure 11: Comparison of yield and water footprint","caption_or_source","IND_NAIS_2018"
30,1,634,1,"Source:","caption_or_source","IND_NAIS_2018"
30,1,695,1,"2010","page_number","IND_NAIS_2018"
30,1,772,4,"12 Economic Survey 2018","footnote_small_type","IND_NAIS_2018"
30,1,801,1,"30","page_number","IND_NAIS_2018"
31,1,35,5,"National Strategy for Artificial Intelligence","running_head","IND_NAIS_2018"
31,1,145,4,"over the years. 14","toc_line","IND_NAIS_2018"
31,1,187,4,"Figure 12: Income disparity","caption_or_source","IND_NAIS_2018"
31,1,329,1,"Source:","caption_or_source","IND_NAIS_2018"
31,1,520,7,"Figure 13: Agri-Commodity value chain in India","caption_or_source","IND_NAIS_2018"
31,1,758,6,"13 Doubling Farmers Income Committee Estimates","footnote_small_type","IND_NAIS_2018"
31,1,772,17,"14 Chand, R., R. Saxena and S. Rana; Estimates and analysis of farm income in India (2015)","footnote_small_type","IND_NAIS_2018"
31,1,801,1,"31","page_number","IND_NAIS_2018"
32,1,35,5,"National Strategy for Artificial Intelligence","running_head","IND_NAIS_2018"
32,1,375,9,"Figure 14: Ecosystem crucial for benefits of Precision Agriculture","caption_or_source","IND_NAIS_2018"
32,1,594,1,"Source:","caption_or_source","IND_NAIS_2018"
32,1,745,2,"15 MarketsAndMarkets","footnote_small_type","IND_NAIS_2018"
32,1,758,13,"16 Forbes.com “For India's Farmers It's Agtech Startups, Not Government, That Is Key”","footnote_small_type","IND_NAIS_2018"
32,1,772,2,"17 Agfunder.com","footnote_small_type","IND_NAIS_2018"
32,1,801,1,"32","page_number","IND_NAIS_2018"
33,1,35,5,"National Strategy for Artificial Intelligence","running_head","IND_NAIS_2018"
33,1,245,6,"Box 5: Application for soil care","caption_or_source","IND_NAIS_2018"
33,1,646,5,"Box 6: AI sowing app","caption_or_source","IND_NAIS_2018"
33,1,801,1,"33","page_number","IND_NAIS_2018"
34,1,35,5,"National Strategy for Artificial Intelligence","running_head","IND_NAIS_2018"
34,1,200,6,"Box 7: AI for herbicide optimisation","caption_or_source","IND_NAIS_2018"
34,1,442,6,"Box 8: AI for Precision Farming","caption_or_source","IND_NAIS_2018"
34,1,772,4,"18 DFI Committee Report","footnote_small_type","IND_NAIS_2018"
34,1,801,1,"34","page_number","IND_NAIS_2018"
35,1,35,5,"National Strategy for Artificial Intelligence","running_head","IND_NAIS_2018"
35,1,801,1,"35","page_number","IND_NAIS_2018"
36,1,35,5,"National Strategy for Artificial Intelligence","running_head","IND_NAIS_2018"
36,1,758,8,"19 Cross Square Foundation, Ed Tech Adoption Survey","footnote_small_type","IND_NAIS_2018"
36,1,772,4,"20 Economic Survey, 2016-17","footnote_small_type","IND_NAIS_2018"
36,1,801,1,"36","page_number","IND_NAIS_2018"
37,1,35,5,"National Strategy for Artificial Intelligence","running_head","IND_NAIS_2018"
37,1,409,8,"Box 9: Creating ‘smart content’ for improved interactivity","caption_or_source","IND_NAIS_2018"
37,1,801,1,"37","page_number","IND_NAIS_2018"
38,1,35,5,"National Strategy for Artificial Intelligence","running_head","IND_NAIS_2018"
38,1,99,11,"Box 10: Microsoft is helping in predicting drop outs in Andhra","caption_or_source","IND_NAIS_2018"
38,1,519,5,"Box 11: WriteToLearn by Pearson","caption_or_source","IND_NAIS_2018"
38,1,801,1,"38","page_number","IND_NAIS_2018"
39,1,35,5,"National Strategy for Artificial Intelligence","running_head","IND_NAIS_2018"
39,1,732,3,"21 Census 2011","footnote_small_type","IND_NAIS_2018"
39,1,745,9,"22 LiveMint: “How much of India is actually urban?”","footnote_small_type","IND_NAIS_2018"
39,1,758,13,"23 LiveMint: “60% of India’s population to live in cities by 2050: government”","footnote_small_type","IND_NAIS_2018"
39,1,772,2,"24 Smartcities.gov.in","footnote_small_type","IND_NAIS_2018"
39,1,801,1,"39","page_number","IND_NAIS_2018"
40,1,35,5,"National Strategy for Artificial Intelligence","running_head","IND_NAIS_2018"
40,1,801,1,"40","page_number","IND_NAIS_2018"
41,1,35,5,"National Strategy for Artificial Intelligence","running_head","IND_NAIS_2018"
41,1,418,9,"Figure 15: Total registered motor vehicles per 1,000 population","caption_or_source","IND_NAIS_2018"
41,1,772,9,"25 NTDPC, India Transport Report: Moving India to 2032","footnote_small_type","IND_NAIS_2018"
41,1,801,1,"41","page_number","IND_NAIS_2018"
42,1,35,5,"National Strategy for Artificial Intelligence","running_head","IND_NAIS_2018"
42,1,119,10,"Figure 16: Projected cost of congestion (USD million / year)","caption_or_source","IND_NAIS_2018"
42,1,301,1,"Source:","caption_or_source","IND_NAIS_2018"
42,1,801,1,"42","page_number","IND_NAIS_2018"
43,1,35,5,"National Strategy for Artificial Intelligence","running_head","IND_NAIS_2018"
43,1,97,10,"Figure 17: Total numbers of public buses per 1,000 population","caption_or_source","IND_NAIS_2018"
43,1,274,1,"Source:","caption_or_source","IND_NAIS_2018"
43,1,801,1,"43","page_number","IND_NAIS_2018"
44,1,35,5,"National Strategy for Artificial Intelligence","running_head","IND_NAIS_2018"
44,1,801,1,"44","page_number","IND_NAIS_2018"
45,1,35,5,"National Strategy for Artificial Intelligence","running_head","IND_NAIS_2018"
45,1,128,5,"Box 12: Effect on R&D","caption_or_source","IND_NAIS_2018"
45,1,801,1,"45","page_number","IND_NAIS_2018"
46,1,35,5,"National Strategy for Artificial Intelligence","running_head","IND_NAIS_2018"
46,1,801,1,"46","page_number","IND_NAIS_2018"
48,1,35,5,"National Strategy for Artificial Intelligence","running_head","IND_NAIS_2018"
48,1,801,1,"48","page_number","IND_NAIS_2018"
49,1,35,5,"National Strategy for Artificial Intelligence","running_head","IND_NAIS_2018"
49,1,801,1,"49","page_number","IND_NAIS_2018"
50,1,35,5,"National Strategy for Artificial Intelligence","running_head","IND_NAIS_2018"
50,1,772,4,"26 World Economic Forum","footnote_small_type","IND_NAIS_2018"
50,1,801,1,"50","page_number","IND_NAIS_2018"
51,1,35,5,"National Strategy for Artificial Intelligence","running_head","IND_NAIS_2018"
51,1,97,10,"Figure 18: Citable documents in Artificial Intelligence (2010 - 2016)","caption_or_source","IND_NAIS_2018"
51,1,195,1,"Source:","caption_or_source","IND_NAIS_2018"
51,1,333,10,"Figure 19: H Index for Artificial Intelligence (1996 - 2016)","caption_or_source","IND_NAIS_2018"
51,1,431,1,"Source:","caption_or_source","IND_NAIS_2018"
51,1,758,9,"27 Neel Shah: “Research trends of AI in India”","footnote_small_type","IND_NAIS_2018"
51,1,772,9,"28 Neel Shah: “Research trends of AI in India”","footnote_small_type","IND_NAIS_2018"
51,1,801,1,"51","page_number","IND_NAIS_2018"
52,1,35,5,"National Strategy for Artificial Intelligence","running_head","IND_NAIS_2018"
52,1,99,13,"Box 13: What India can learn from other economies in terms of AI","caption_or_source","IND_NAIS_2018"
52,1,801,1,"52","page_number","IND_NAIS_2018"
53,1,35,5,"National Strategy for Artificial Intelligence","running_head","IND_NAIS_2018"
53,1,195,11,"Source: Realising the economic and societal potential of responsible AI, Accenture","caption_or_source","IND_NAIS_2018"
53,1,772,7,"29 Scimago Journal and Country Rank (SJR)","footnote_small_type","IND_NAIS_2018"
53,1,801,1,"53","page_number","IND_NAIS_2018"
54,1,35,5,"National Strategy for Artificial Intelligence","running_head","IND_NAIS_2018"
54,1,801,1,"54","page_number","IND_NAIS_2018"
55,1,35,5,"National Strategy for Artificial Intelligence","running_head","IND_NAIS_2018"
55,1,97,8,"Figure 20: Proposed integration of COREs and ICTAIs","caption_or_source","IND_NAIS_2018"
55,1,801,1,"55","page_number","IND_NAIS_2018"
56,1,35,5,"National Strategy for Artificial Intelligence","running_head","IND_NAIS_2018"
56,1,801,1,"56","page_number","IND_NAIS_2018"
57,1,35,5,"National Strategy for Artificial Intelligence","running_head","IND_NAIS_2018"
57,1,801,1,"57","page_number","IND_NAIS_2018"
58,1,35,5,"National Strategy for Artificial Intelligence","running_head","IND_NAIS_2018"
58,1,136,5,"Box 14: The PRAIRIE Institute","caption_or_source","IND_NAIS_2018"
58,1,801,1,"58","page_number","IND_NAIS_2018"
59,1,35,5,"National Strategy for Artificial Intelligence","running_head","IND_NAIS_2018"
59,1,99,8,"Box 15: AIRAWAT (AI Research, Analytics and knoWledge","caption_or_source","IND_NAIS_2018"
59,1,801,1,"59","page_number","IND_NAIS_2018"
60,1,35,5,"National Strategy for Artificial Intelligence","running_head","IND_NAIS_2018"
60,1,801,1,"60","page_number","IND_NAIS_2018"
61,1,35,5,"National Strategy for Artificial Intelligence","running_head","IND_NAIS_2018"
61,1,179,7,"Box 16: Defense Advanced Research Projects Agency","caption_or_source","IND_NAIS_2018"
61,1,568,15,"Source: Harvard Business Review article “Special Forces” Innovation: How DARPA Attacks Problems published October 2013","caption_or_source","IND_NAIS_2018"
61,1,801,1,"61","page_number","IND_NAIS_2018"
62,1,35,5,"National Strategy for Artificial Intelligence","running_head","IND_NAIS_2018"
62,1,99,9,"Box 17: European Organisation for Nuclear Research aka CERN","caption_or_source","IND_NAIS_2018"
62,1,772,10,"30 Medium.com “The People’s AI: democratizing AI research and development”","footnote_small_type","IND_NAIS_2018"
62,1,801,1,"62","page_number","IND_NAIS_2018"
63,1,35,5,"National Strategy for Artificial Intelligence","running_head","IND_NAIS_2018"
63,1,801,1,"63","page_number","IND_NAIS_2018"
64,1,35,5,"National Strategy for Artificial Intelligence","running_head","IND_NAIS_2018"
64,1,745,10,"31 Future of Jobs in India: A 2022 Perspective, 2017","footnote_small_type","IND_NAIS_2018"
64,1,758,3,"32 KellyOCG, India","footnote_small_type","IND_NAIS_2018"
64,1,772,10,"33 Future of Jobs in India: A 2022 Perspective, 2017","footnote_small_type","IND_NAIS_2018"
64,1,801,1,"64","page_number","IND_NAIS_2018"
65,1,35,5,"National Strategy for Artificial Intelligence","running_head","IND_NAIS_2018"
65,1,97,8,"Figure 21: Transition in jobs and skill sets","caption_or_source","IND_NAIS_2018"
65,1,340,1,"Source:","caption_or_source","IND_NAIS_2018"
65,1,454,10,"Figure 22: Impact of primary forces on jobs in 2022","caption_or_source","IND_NAIS_2018"
65,1,603,1,"Source:","caption_or_source","IND_NAIS_2018"
65,1,772,10,"34 Future of Jobs in India: A 2022 Perspective, 2017","footnote_small_type","IND_NAIS_2018"
65,1,801,1,"65","page_number","IND_NAIS_2018"
66,1,35,5,"National Strategy for Artificial Intelligence","running_head","IND_NAIS_2018"
66,1,330,5,"Figure 23: India IT-BPM sector","caption_or_source","IND_NAIS_2018"
66,1,528,1,"Source:","caption_or_source","IND_NAIS_2018"
66,1,801,1,"66","page_number","IND_NAIS_2018"
67,1,35,5,"National Strategy for Artificial Intelligence","running_head","IND_NAIS_2018"
67,1,97,5,"Figure 24: Impact of automation","caption_or_source","IND_NAIS_2018"
67,1,315,1,"Source:","caption_or_source","IND_NAIS_2018"
67,1,801,1,"67","page_number","IND_NAIS_2018"
68,1,35,5,"National Strategy for Artificial Intelligence","running_head","IND_NAIS_2018"
68,1,185,6,"Box 18: Impact sourcing through Samasource","caption_or_source","IND_NAIS_2018"
68,1,801,1,"68","page_number","IND_NAIS_2018"
69,1,35,5,"National Strategy for Artificial Intelligence","running_head","IND_NAIS_2018"
69,1,801,1,"69","page_number","IND_NAIS_2018"
70,1,35,5,"National Strategy for Artificial Intelligence","running_head","IND_NAIS_2018"
70,1,762,18,"35 developed by the All India Council for Technical Education (AICTE) and the Ministry for Human Resource Development","footnote_small_type","IND_NAIS_2018"
70,1,773,1,"(MHRD)","footnote_small_type","IND_NAIS_2018"
70,1,801,1,"70","page_number","IND_NAIS_2018"
71,1,35,5,"National Strategy for Artificial Intelligence","running_head","IND_NAIS_2018"
71,1,292,17,"Figure 25: Survey of global firms on adoption of emerging technologies in 2017 (In which of the","caption_or_source","IND_NAIS_2018"
71,1,462,1,"Source:","caption_or_source","IND_NAIS_2018"
71,1,758,7,"36 Intel and IDC Survey Report, dated","footnote_small_type","IND_NAIS_2018"
71,1,772,10,"37 XinhuaNet “AI sector sees big investment, financing in 2017”","footnote_small_type","IND_NAIS_2018"
71,1,801,1,"71","page_number","IND_NAIS_2018"
72,1,35,5,"National Strategy for Artificial Intelligence","running_head","IND_NAIS_2018"
72,1,801,1,"72","page_number","IND_NAIS_2018"
73,1,35,5,"National Strategy for Artificial Intelligence","running_head","IND_NAIS_2018"
73,1,214,5,"Figure 26: AI Value Chain","caption_or_source","IND_NAIS_2018"
73,1,801,1,"73","page_number","IND_NAIS_2018"
74,1,35,5,"National Strategy for Artificial Intelligence","running_head","IND_NAIS_2018"
74,1,523,5,"Figure 27: Breakthroughs in AI","caption_or_source","IND_NAIS_2018"
74,1,801,1,"74","page_number","IND_NAIS_2018"
75,1,35,5,"National Strategy for Artificial Intelligence","running_head","IND_NAIS_2018"
75,1,463,7,"Figure 28: Categories of partnerships in Research","caption_or_source","IND_NAIS_2018"
75,1,801,1,"75","page_number","IND_NAIS_2018"
76,1,35,5,"National Strategy for Artificial Intelligence","running_head","IND_NAIS_2018"
76,1,801,1,"76","page_number","IND_NAIS_2018"
77,1,35,5,"National Strategy for Artificial Intelligence","running_head","IND_NAIS_2018"
77,1,507,7,"Figure 29: Enablers for AI value chain","caption_or_source","IND_NAIS_2018"
77,1,801,1,"77","page_number","IND_NAIS_2018"
78,1,35,5,"National Strategy for Artificial Intelligence","running_head","IND_NAIS_2018"
78,1,97,7,"Figure 30: Stakeholders for the proposed NAIM","caption_or_source","IND_NAIS_2018"
78,1,801,1,"78","page_number","IND_NAIS_2018"
79,1,35,5,"National Strategy for Artificial Intelligence","running_head","IND_NAIS_2018"
79,1,801,1,"79","page_number","IND_NAIS_2018"
80,1,35,5,"National Strategy for Artificial Intelligence","running_head","IND_NAIS_2018"
80,1,480,5,"Figure 31: Approaches to annotation","caption_or_source","IND_NAIS_2018"
80,1,772,14,"38 Luis von Ahn and Laura Dabbish, 2004, Labeling images with a computer game","footnote_small_type","IND_NAIS_2018"
80,1,801,1,"80","page_number","IND_NAIS_2018"
81,1,35,5,"National Strategy for Artificial Intelligence","running_head","IND_NAIS_2018"
81,1,801,1,"81","page_number","IND_NAIS_2018"
82,1,35,5,"National Strategy for Artificial Intelligence","running_head","IND_NAIS_2018"
82,1,97,5,"Figure 32: Stakeholders of NAIM","caption_or_source","IND_NAIS_2018"
82,1,801,1,"82","page_number","IND_NAIS_2018"
83,1,35,5,"National Strategy for Artificial Intelligence","running_head","IND_NAIS_2018"
83,1,639,7,"Box 19: Why the focus on PSUs","caption_or_source","IND_NAIS_2018"
83,1,801,1,"83","page_number","IND_NAIS_2018"
84,1,35,5,"National Strategy for Artificial Intelligence","running_head","IND_NAIS_2018"
84,1,801,1,"84","page_number","IND_NAIS_2018"
85,1,35,5,"National Strategy for Artificial Intelligence","running_head","IND_NAIS_2018"
85,1,801,1,"85","page_number","IND_NAIS_2018"
86,1,35,5,"National Strategy for Artificial Intelligence","running_head","IND_NAIS_2018"
86,1,244,5,"Box 19: Decoding Explainable AI","caption_or_source","IND_NAIS_2018"
86,1,455,4,"Figure 33: XAI Concept","caption_or_source","IND_NAIS_2018"
86,1,760,6,"Credit: DARPA Explainable Artificial Intelligence (XAI)","footnote_small_type","IND_NAIS_2018"
86,1,801,1,"86","page_number","IND_NAIS_2018"
87,1,35,5,"National Strategy for Artificial Intelligence","running_head","IND_NAIS_2018"
87,1,801,1,"87","page_number","IND_NAIS_2018"
88,1,35,5,"National Strategy for Artificial Intelligence","running_head","IND_NAIS_2018"
88,1,345,4,"Box 20: Differential Privacy","caption_or_source","IND_NAIS_2018"
88,1,801,1,"88","page_number","IND_NAIS_2018"
89,1,35,5,"National Strategy for Artificial Intelligence","running_head","IND_NAIS_2018"
89,1,801,1,"89","page_number","IND_NAIS_2018"
91,1,35,5,"National Strategy for Artificial Intelligence","running_head","IND_NAIS_2018"
91,1,278,4,"Figure 34: Government’s role","caption_or_source","IND_NAIS_2018"
91,1,801,1,"91","page_number","IND_NAIS_2018"
92,1,35,5,"National Strategy for Artificial Intelligence","running_head","IND_NAIS_2018"
92,1,801,1,"92","page_number","IND_NAIS_2018"
93,1,35,5,"National Strategy for Artificial Intelligence","running_head","IND_NAIS_2018"
93,1,801,1,"93","page_number","IND_NAIS_2018"
94,1,35,5,"National Strategy for Artificial Intelligence","running_head","IND_NAIS_2018"
94,1,801,1,"94","page_number","IND_NAIS_2018"
95,1,35,5,"National Strategy for Artificial Intelligence","running_head","IND_NAIS_2018"
95,1,801,1,"95","page_number","IND_NAIS_2018"
96,1,35,5,"National Strategy for Artificial Intelligence","running_head","IND_NAIS_2018"
96,1,772,10,"39 Replicated from McKinsey Analytics An Executive Guide to AI","footnote_small_type","IND_NAIS_2018"
96,1,801,1,"96","page_number","IND_NAIS_2018"
97,1,35,5,"National Strategy for Artificial Intelligence","running_head","IND_NAIS_2018"
97,1,801,1,"97","page_number","IND_NAIS_2018"
98,1,35,5,"National Strategy for Artificial Intelligence","running_head","IND_NAIS_2018"
98,1,801,1,"98","page_number","IND_NAIS_2018"
99,1,35,5,"National Strategy for Artificial Intelligence","running_head","IND_NAIS_2018"
99,1,801,1,"99","page_number","IND_NAIS_2018"
100,1,35,5,"National Strategy for Artificial Intelligence","running_head","IND_NAIS_2018"
100,1,772,2,"40 McKinsey","footnote_small_type","IND_NAIS_2018"
100,1,801,1,"100","page_number","IND_NAIS_2018"
101,1,35,5,"National Strategy for Artificial Intelligence","running_head","IND_NAIS_2018"
101,1,801,1,"101","page_number","IND_NAIS_2018"
102,1,35,5,"National Strategy for Artificial Intelligence","running_head","IND_NAIS_2018"
102,1,772,2,"41 CSRankings.org","footnote_small_type","IND_NAIS_2018"
102,1,801,1,"102","page_number","IND_NAIS_2018"
103,1,35,5,"National Strategy for Artificial Intelligence","running_head","IND_NAIS_2018"
103,1,389,3,"Source: Press search","caption_or_source","IND_NAIS_2018"
103,1,801,1,"103","page_number","IND_NAIS_2018"
104,1,35,5,"National Strategy for Artificial Intelligence","running_head","IND_NAIS_2018"
104,1,389,3,"Source: Press search","caption_or_source","IND_NAIS_2018"
104,1,801,1,"104","page_number","IND_NAIS_2018"
105,1,35,5,"National Strategy for Artificial Intelligence","running_head","IND_NAIS_2018"
105,1,801,1,"105","page_number","IND_NAIS_2018"
106,1,35,5,"National Strategy for Artificial Intelligence","running_head","IND_NAIS_2018"
106,1,325,28,"1 Estimate of 2016 spend by corporations to develop and deploy AI-based products. Calculated for top 35 high tech and advanced manufacturing companies investing in AI. Estimate is","footnote_small_type","IND_NAIS_2018"
106,1,336,34,"2 VC value is an estimate of VC investment in companies primarily focused on AI. PE value is an estimate of PE investment in AI-related companies. M&A value is an estimate of AI deals","footnote_small_type","IND_NAIS_2018"
106,1,352,13,"3 M&A and PE deals expressed by volume; VC deals expressed by value.","footnote_small_type","IND_NAIS_2018"
106,1,389,13,"Source: McKinsey Global Institute report on ‘Artificial Intelligence and the next digital frontier’","caption_or_source","IND_NAIS_2018"
106,1,801,1,"106","page_number","IND_NAIS_2018"
107,1,35,5,"National Strategy for Artificial Intelligence","running_head","IND_NAIS_2018"
107,1,389,3,"Source: Press search","caption_or_source","IND_NAIS_2018"
107,1,801,1,"107","page_number","IND_NAIS_2018"
108,1,35,5,"National Strategy for Artificial Intelligence","running_head","IND_NAIS_2018"
108,1,801,1,"108","page_number","IND_NAIS_2018"
109,1,35,5,"National Strategy for Artificial Intelligence","running_head","IND_NAIS_2018"
109,1,801,1,"109","page_number","IND_NAIS_2018"
110,1,507,3,"Box 21: ImageNet","caption_or_source","IND_NAIS_2018"
111,1,35,5,"National Strategy for Artificial Intelligence","running_head","IND_NAIS_2018"
111,1,696,6,"LSUN 10,000 Princeton University University USA","footnote_small_type","IND_NAIS_2018"
111,1,712,7,"Pascal Voc 5,00,000 Oxford University University UK","footnote_small_type","IND_NAIS_2018"
111,1,727,6,"SVHN 6,00,000 Stanford University University USA","footnote_small_type","IND_NAIS_2018"
111,1,743,8,"MS COCO 2,50,000 Google, CMU, etc. Research USA","footnote_small_type","IND_NAIS_2018"
111,1,755,1,"Consortium","footnote_small_type","IND_NAIS_2018"
111,1,771,6,"Visual Genome 108,000 Stanford University University","footnote_small_type","IND_NAIS_2018"
111,1,801,1,"111","page_number","IND_NAIS_2018"
112,1,35,5,"National Strategy for Artificial Intelligence","running_head","IND_NAIS_2018"
112,1,382,8,"20 Newsgroups: 20,000 CMU & UCI University USA","footnote_small_type","IND_NAIS_2018"
112,1,801,1,"112","page_number","IND_NAIS_2018"
113,1,35,5,"National Strategy for Artificial Intelligence","running_head","IND_NAIS_2018"
113,1,772,20,"42 CB Insights: “Artificial Intelligence Trends To Watch In 2018” and “Up And Up: Healthcare AI Startups See Record Deals”","footnote_small_type","IND_NAIS_2018"
113,1,801,1,"113","page_number","IND_NAIS_2018"
114,1,35,5,"National Strategy for Artificial Intelligence","running_head","IND_NAIS_2018"
114,1,801,1,"114","page_number","IND_NAIS_2018"
1,1,316,5,"ADVANCING OUR SMART NATION JOURNEY","sparse_page","SGP_NAIS_2019"
2,1,13,5,"National Artificial Intelligence Strategy 3","running_head","SGP_NAIS_2019"
2,1,110,1,"05","toc_page","SGP_NAIS_2019"
2,1,142,5,"Foreword by the Prime Minister","toc_page","SGP_NAIS_2019"
2,1,190,1,"07","toc_page","SGP_NAIS_2019"
2,1,222,2,"Executive Summary","toc_page","SGP_NAIS_2019"
2,1,250,1,"CONTENTS","toc_page","SGP_NAIS_2019"
2,1,269,1,"12","toc_page","SGP_NAIS_2019"
2,1,302,7,"Section 1: Why a National AI Strategy?","toc_page","SGP_NAIS_2019"
2,1,317,4,"NATIONAL ARTIFICIAL INTELLIGENCE STRATEGY","toc_page","SGP_NAIS_2019"
2,1,349,1,"16","toc_page","SGP_NAIS_2019"
2,1,381,5,"Section 2: Vision and Approach","toc_page","SGP_NAIS_2019"
2,1,428,1,"24","toc_page","SGP_NAIS_2019"
2,1,461,5,"Section 3: National AI Projects","toc_page","SGP_NAIS_2019"
2,1,508,1,"40","toc_page","SGP_NAIS_2019"
2,1,540,6,"Section 4: Building the AI Ecosystem","toc_page","SGP_NAIS_2019"
2,1,587,1,"76","toc_page","SGP_NAIS_2019"
2,1,620,4,"Section 5: Working Together","toc_page","SGP_NAIS_2019"
2,1,667,1,"80","page_number","SGP_NAIS_2019"
2,1,700,6,"Section 6: What the Experts Say","toc_page","SGP_NAIS_2019"
3,1,13,10,"4 National Artificial Intelligence Strategy National Artificial Intelligence Strategy 5","running_head","SGP_NAIS_2019"
3,1,105,1,"FOREWORD","excluded_section","SGP_NAIS_2019"
3,1,140,10,"Foreword by Mr Lee Hsien Loong, Prime Minister of Singapore","excluded_section","SGP_NAIS_2019"
3,1,177,13,"Technological innovation has powered economic They power ride hailing platforms like Grab and","excluded_section","SGP_NAIS_2019"
3,1,195,13,"progress since the beginning of human history. Uber. They optimise factory production lines.","excluded_section","SGP_NAIS_2019"
3,1,213,15,"Countries and cities that succeeded in exploiting They work in the background of our smart-phone","excluded_section","SGP_NAIS_2019"
3,1,231,12,"technology have surged ahead and prospered; apps, like Apple’s Siri or Spotify.","excluded_section","SGP_NAIS_2019"
3,1,249,7,"those that failed have languished and fallen","excluded_section","SGP_NAIS_2019"
3,1,267,17,"behind. Our present era is no different. The National AI Strategy is a key step in our","excluded_section","SGP_NAIS_2019"
3,1,285,16,"The emergence of new and disruptive digital Smart Nation journey. It spells out our plans to","excluded_section","SGP_NAIS_2019"
3,1,303,14,"technologies is re-ordering social and economic deepen our use of AI technologies to transform","excluded_section","SGP_NAIS_2019"
3,1,321,11,"structures, and affecting the geopolitical our economy, going beyond just adopting","excluded_section","SGP_NAIS_2019"
3,1,339,20,"The National AI Strategy is a key step in landscape. To survive and thrive, Singapore must technology, to fundamentally rethinking","excluded_section","SGP_NAIS_2019"
3,1,357,12,"build up deep digital technology capabilities. business models and making deep changes","excluded_section","SGP_NAIS_2019"
3,1,375,23,"our Smart Nation journey. It spells out our This is why we launched the Smart Nation to reap productivity gains and create new","excluded_section","SGP_NAIS_2019"
3,1,393,10,"movement: to improve lives; to make Singapore areas of growth.","excluded_section","SGP_NAIS_2019"
3,1,405,19,"plans to deepen our use of AI technologies a great place to live, work and play; and to stay","excluded_section","SGP_NAIS_2019"
3,1,429,21,"to transform our economy, going beyond relevant and competitive as an economy. As a small country, Singapore lacks the scale of","excluded_section","SGP_NAIS_2019"
3,1,447,8,"large markets and R&D ecosystems. But we can","excluded_section","SGP_NAIS_2019"
3,1,465,23,"just adopting technology, to fundamentally We have made progress. We are building a make up for this by building up AI research, and","excluded_section","SGP_NAIS_2019"
3,1,483,11,"trusted, nationwide digital identity system using working together cohesively across Government,","excluded_section","SGP_NAIS_2019"
3,1,495,18,"rethinking business models and making SingPass Mobile. E-payment is becoming more industry, and research, to develop and deploy","excluded_section","SGP_NAIS_2019"
3,1,519,20,"deep changes to reap productivity gains prevalent, benefiting businesses and consumers. AI solutions in key sectors. At the same time,","excluded_section","SGP_NAIS_2019"
3,1,537,13,"Government services online are becoming more we must also anticipate the social challenges","excluded_section","SGP_NAIS_2019"
3,1,555,20,"and create new areas of growth. citizen and business-centric. At the backend, that AI will create, by maintaining public trust","excluded_section","SGP_NAIS_2019"
3,1,573,13,"the Government has been building the basic and building capabilities to manage and","excluded_section","SGP_NAIS_2019"
3,1,591,13,"digital infrastructure to share and use data govern AI technologies, and guarding against","excluded_section","SGP_NAIS_2019"
3,1,609,13,"securely, and to rapidly build and deploy cybersecurity attacks and breaches to data","excluded_section","SGP_NAIS_2019"
3,1,627,12,"digital applications and services. privacy. We are confident that we will succeed","excluded_section","SGP_NAIS_2019"
3,1,645,9,"in making Singapore a leading country in AI, and","excluded_section","SGP_NAIS_2019"
3,1,663,16,"But we have much more to do. Technology more broadly a Smart Nation for our citizens.","excluded_section","SGP_NAIS_2019"
3,1,681,6,"is constantly evolving. In particular, Artificial","excluded_section","SGP_NAIS_2019"
3,1,699,6,"Intelligence (AI) has progressed dramatically, and","excluded_section","SGP_NAIS_2019"
3,1,717,10,"will become a big part of our lives. For example,","excluded_section","SGP_NAIS_2019"
3,1,735,8,"AI algorithms can pick out tumours from medical","excluded_section","SGP_NAIS_2019"
3,1,753,8,"images more accurately than doctors. Lee Hsien Loong","excluded_section","SGP_NAIS_2019"
4,1,13,10,"6 National Artificial Intelligence Strategy National Artificial Intelligence Strategy 7","running_head","SGP_NAIS_2019"
5,1,13,5,"8 National Artificial Intelligence Strategy","running_head","SGP_NAIS_2019"
5,2,13,5,"National Artificial Intelligence Strategy 9","running_head","SGP_NAIS_2019"
6,1,13,10,"10 National Artificial Intelligence Strategy National Artificial Intelligence Strategy 11","running_head","SGP_NAIS_2019"
6,1,254,1,"1","sparse_page","SGP_NAIS_2019"
6,1,320,3,"WHY A NATIONAL","sparse_page","SGP_NAIS_2019"
6,1,370,2,"AI STRATEGY?","sparse_page","SGP_NAIS_2019"
6,1,468,6,"• What AI has to offer","sparse_page","SGP_NAIS_2019"
6,1,513,10,"• What we hope to achieve from a National Strategy","sparse_page","SGP_NAIS_2019"
6,1,558,5,"• Why we can succeed","sparse_page","SGP_NAIS_2019"
7,1,13,5,"12 National Artificial Intelligence Strategy","running_head","SGP_NAIS_2019"
7,2,13,5,"National Artificial Intelligence Strategy 13","running_head","SGP_NAIS_2019"
8,1,13,10,"14 National Artificial Intelligence Strategy National Artificial Intelligence Strategy 15","running_head","SGP_NAIS_2019"
8,1,254,1,"2","sparse_page","SGP_NAIS_2019"
8,1,320,2,"VISION AND","sparse_page","SGP_NAIS_2019"
8,1,370,1,"APPROACH","sparse_page","SGP_NAIS_2019"
9,1,13,5,"16 National Artificial Intelligence Strategy","running_head","SGP_NAIS_2019"
9,2,13,5,"National Artificial Intelligence Strategy 17","running_head","SGP_NAIS_2019"
10,1,13,5,"18 National Artificial Intelligence Strategy","running_head","SGP_NAIS_2019"
10,2,13,5,"National Artificial Intelligence Strategy 19","running_head","SGP_NAIS_2019"
11,1,13,10,"20 National Artificial Intelligence Strategy National Artificial Intelligence Strategy 21","running_head","SGP_NAIS_2019"
12,1,13,10,"22 National Artificial Intelligence Strategy National Artificial Intelligence Strategy 23","running_head","SGP_NAIS_2019"
12,1,254,1,"3","sparse_page","SGP_NAIS_2019"
12,1,321,1,"NATIONAL","sparse_page","SGP_NAIS_2019"
12,1,371,2,"AI PROJECTS","sparse_page","SGP_NAIS_2019"
12,1,468,4,"• Intelligent Freight Planning","sparse_page","SGP_NAIS_2019"
12,1,513,6,"• Seamless and Efficient Municipal Services","sparse_page","SGP_NAIS_2019"
12,1,558,6,"• Chronic Disease Prediction and Management","sparse_page","SGP_NAIS_2019"
12,1,603,6,"• Personalised Education through Adaptive Learning","sparse_page","SGP_NAIS_2019"
12,1,639,2,"and Assessment","sparse_page","SGP_NAIS_2019"
12,1,678,4,"• Border Clearance Operations","sparse_page","SGP_NAIS_2019"
13,1,13,10,"24 National Artificial Intelligence Strategy National Artificial Intelligence Strategy 25","running_head","SGP_NAIS_2019"
14,1,13,5,"26 National Artificial Intelligence Strategy","running_head","SGP_NAIS_2019"
14,2,638,1,"4","page_number","SGP_NAIS_2019"
14,3,13,5,"National Artificial Intelligence Strategy 27","running_head","SGP_NAIS_2019"
15,1,13,5,"28 National Artificial Intelligence Strategy","running_head","SGP_NAIS_2019"
15,1,716,18,"¹ More than 75% of residents are satisfied with the feedback to, or how to describe the issue.","footnote_small_type","SGP_NAIS_2019"
15,1,730,20,"delivery Services of Survey municipal 2018, services conducted (Source: by the Municipal Municipal An AI-powered chatbot can guide them along","footnote_small_type","SGP_NAIS_2019"
15,3,13,5,"National Artificial Intelligence Strategy 29","running_head","SGP_NAIS_2019"
16,1,13,5,"30 National Artificial Intelligence Strategy","running_head","SGP_NAIS_2019"
16,3,13,5,"National Artificial Intelligence Strategy 31","running_head","SGP_NAIS_2019"
17,1,13,5,"32 National Artificial Intelligence Strategy","running_head","SGP_NAIS_2019"
17,3,13,5,"National Artificial Intelligence Strategy 33","running_head","SGP_NAIS_2019"
18,1,13,5,"34 National Artificial Intelligence Strategy","running_head","SGP_NAIS_2019"
18,3,13,5,"National Artificial Intelligence Strategy 35","running_head","SGP_NAIS_2019"
19,1,13,10,"36 National Artificial Intelligence Strategy National Artificial Intelligence Strategy 37","running_head","SGP_NAIS_2019"
20,1,13,10,"38 National Artificial Intelligence Strategy National Artificial Intelligence Strategy 39","running_head","SGP_NAIS_2019"
20,1,254,1,"4","sparse_page","SGP_NAIS_2019"
20,1,321,2,"BUILDING THE","sparse_page","SGP_NAIS_2019"
20,1,371,2,"AI ECOSYSTEM","sparse_page","SGP_NAIS_2019"
20,1,468,7,"• Triple Helix Partnership between the Research","sparse_page","SGP_NAIS_2019"
20,1,504,4,"Community, Industry and Government","sparse_page","SGP_NAIS_2019"
20,1,543,5,"• AI Talent and Education","sparse_page","SGP_NAIS_2019"
20,1,588,3,"• Data Architecture","sparse_page","SGP_NAIS_2019"
20,1,633,5,"• Progressive and Trusted Environment","sparse_page","SGP_NAIS_2019"
20,1,678,3,"• International Collaboration","sparse_page","SGP_NAIS_2019"
21,1,13,10,"40 National Artificial Intelligence Strategy National Artificial Intelligence Strategy 41","running_head","SGP_NAIS_2019"
21,1,107,3,"THE ECOSYSTEM ENABLERS","sparse_page","SGP_NAIS_2019"
21,1,206,8,"Even as Singapore embarks on National AI Projects,","sparse_page","SGP_NAIS_2019"
21,1,236,9,"we must build a vibrant and sustainable AI ecosystem","sparse_page","SGP_NAIS_2019"
21,1,266,9,"to anchor AI innovation and adoption across the economy.","sparse_page","SGP_NAIS_2019"
21,1,296,6,"We have identified five ecosystem enablers:","sparse_page","SGP_NAIS_2019"
22,1,13,5,"42 National Artificial Intelligence Strategy","running_head","SGP_NAIS_2019"
22,2,13,5,"National Artificial Intelligence Strategy 43","running_head","SGP_NAIS_2019"
23,1,13,5,"44 National Artificial Intelligence Strategy","running_head","SGP_NAIS_2019"
23,1,730,18,"² NTU was ranked 1st in Asia for Computer Science and Engineering by the Academic Ranking of World","footnote_small_type","SGP_NAIS_2019"
23,1,745,19,"Universities, 4th by the US News Global University Ranking and listed as one of the Top 3 universities in","footnote_small_type","SGP_NAIS_2019"
23,1,759,8,"AI research globally by The World University Ranking.","footnote_small_type","SGP_NAIS_2019"
23,2,13,5,"National Artificial Intelligence Strategy 45","running_head","SGP_NAIS_2019"
23,2,675,12,"Prof Ong Yew Soon designed IntelliK to create AI-powered digital games and","footnote_small_type","SGP_NAIS_2019"
23,2,689,8,"gamified Apps without the need to know coding.","footnote_small_type","SGP_NAIS_2019"
24,1,13,5,"46 National Artificial Intelligence Strategy","running_head","SGP_NAIS_2019"
24,2,13,5,"National Artificial Intelligence Strategy 47","running_head","SGP_NAIS_2019"
25,1,13,10,"48 National Artificial Intelligence Strategy National Artificial Intelligence Strategy 49","running_head","SGP_NAIS_2019"
26,1,13,5,"50 National Artificial Intelligence Strategy","running_head","SGP_NAIS_2019"
26,2,13,5,"National Artificial Intelligence Strategy 51","running_head","SGP_NAIS_2019"
26,2,663,13,"A nurse can use KroniKare Wound Scanner to Uploaded data vectors are automatically","footnote_small_type","SGP_NAIS_2019"
26,2,677,15,"capture an image of the wound for full assessment compiled into medical reports for monitoring","footnote_small_type","SGP_NAIS_2019"
26,2,691,13,"and documentation under 30 seconds at a patient’s wound progress and prioritising serious","footnote_small_type","SGP_NAIS_2019"
26,2,705,5,"bedside. cases using a tablet.","footnote_small_type","SGP_NAIS_2019"
27,1,13,5,"52 National Artificial Intelligence Strategy","running_head","SGP_NAIS_2019"
27,1,717,16,"DC Frontiers’ award-winning AI technology is known as Handshakes SEER. It is not only able to","footnote_small_type","SGP_NAIS_2019"
27,1,730,16,"pick up keywords, but more intelligently − context. This can be applied to news, customer feedback,","footnote_small_type","SGP_NAIS_2019"
27,1,745,3,"emails and more.","footnote_small_type","SGP_NAIS_2019"
27,2,13,5,"National Artificial Intelligence Strategy 53","running_head","SGP_NAIS_2019"
27,2,771,4,"Artist’s impression of PDD","footnote_small_type","SGP_NAIS_2019"
28,1,13,5,"54 National Artificial Intelligence Strategy","running_head","SGP_NAIS_2019"
28,2,13,5,"National Artificial Intelligence Strategy 55","running_head","SGP_NAIS_2019"
29,1,13,5,"56 National Artificial Intelligence Strategy","running_head","SGP_NAIS_2019"
29,2,13,5,"National Artificial Intelligence Strategy 57","running_head","SGP_NAIS_2019"
30,1,13,5,"58 National Artificial Intelligence Strategy","running_head","SGP_NAIS_2019"
30,2,13,5,"National Artificial Intelligence Strategy 59","running_head","SGP_NAIS_2019"
31,1,13,10,"60 National Artificial Intelligence Strategy National Artificial Intelligence Strategy 61","running_head","SGP_NAIS_2019"
32,1,13,5,"62 National Artificial Intelligence Strategy","running_head","SGP_NAIS_2019"
32,2,13,5,"National Artificial Intelligence Strategy 63","running_head","SGP_NAIS_2019"
33,1,13,5,"64 National Artificial Intelligence Strategy","running_head","SGP_NAIS_2019"
33,2,13,5,"National Artificial Intelligence Strategy 65","running_head","SGP_NAIS_2019"
34,1,13,5,"66 National Artificial Intelligence Strategy","running_head","SGP_NAIS_2019"
34,2,13,5,"National Artificial Intelligence Strategy 67","running_head","SGP_NAIS_2019"
34,2,735,13,"On 24 September 2018, Singapore Management University launched the Centre for AI and","footnote_small_type","SGP_NAIS_2019"
34,2,749,14,"Data Governance (CAIDG). Front L-R: Prof Goh Yihan, Prof Lily Kong, SMS Janil Puthucheary,","footnote_small_type","SGP_NAIS_2019"
34,2,763,4,"Mr Yeong Zee Kin","footnote_small_type","SGP_NAIS_2019"
35,1,13,5,"68 National Artificial Intelligence Strategy","running_head","SGP_NAIS_2019"
35,2,13,5,"National Artificial Intelligence Strategy 69","running_head","SGP_NAIS_2019"
35,2,746,16,"³ Average pendency times between first office action and final decision range between 9.2mths to 95.1mth.","footnote_small_type","SGP_NAIS_2019"
35,2,760,7,"Source: WIPO World Intellectual Property Indicators 2018","footnote_small_type","SGP_NAIS_2019"
36,1,13,5,"70 National Artificial Intelligence Strategy","running_head","SGP_NAIS_2019"
36,1,661,11,"Ms Sharmaine Wu, Director, Registries of Patents, Designs and Plant Varieties,","footnote_small_type","SGP_NAIS_2019"
36,1,675,13,"IPOS presents the patent grant certificate to Dr Benjamin Bai, Vice President and","footnote_small_type","SGP_NAIS_2019"
36,1,689,6,"Chief IP Counsel, Ant Financial, Alibaba.","footnote_small_type","SGP_NAIS_2019"
36,2,13,5,"National Artificial Intelligence Strategy 71","running_head","SGP_NAIS_2019"
37,1,13,5,"72 National Artificial Intelligence Strategy","running_head","SGP_NAIS_2019"
37,2,13,5,"National Artificial Intelligence Strategy 73","running_head","SGP_NAIS_2019"
37,2,710,15,"The MOU on AI cooperation was signed in July 2018 in the presence of Singapore’s","footnote_small_type","SGP_NAIS_2019"
37,2,724,13,"Minister for Trade and Industry Mr Chan Chun Sing, France’s Minister for Higher","footnote_small_type","SGP_NAIS_2019"
37,2,738,10,"Education, Research and Innovation Frédérique Vidal, Deputy Chief of Mission,","footnote_small_type","SGP_NAIS_2019"
37,2,752,15,"Embassy of Singapore in Paris Karen Ong, CEO of Inserm Yves Levy, CEO of INRIA","footnote_small_type","SGP_NAIS_2019"
37,2,766,8,"Bruno Sportisse and CEO of CNRS Antoine Petit.","footnote_small_type","SGP_NAIS_2019"
38,1,13,10,"74 National Artificial Intelligence Strategy National Artificial Intelligence Strategy 75","running_head","SGP_NAIS_2019"
38,1,254,1,"5","sparse_page","SGP_NAIS_2019"
38,1,321,1,"WORKING","sparse_page","SGP_NAIS_2019"
38,1,371,1,"TOGETHER","sparse_page","SGP_NAIS_2019"
39,1,13,5,"76 National Artificial Intelligence Strategy","running_head","SGP_NAIS_2019"
39,2,13,5,"National Artificial Intelligence Strategy 77","running_head","SGP_NAIS_2019"
40,1,13,10,"78 National Artificial Intelligence Strategy National Artificial Intelligence Strategy 79","running_head","SGP_NAIS_2019"
40,1,254,1,"6","sparse_page","SGP_NAIS_2019"
40,1,321,2,"WHAT THE","sparse_page","SGP_NAIS_2019"
40,1,371,2,"EXPERTS SAY","sparse_page","SGP_NAIS_2019"
41,1,13,5,"80 National Artificial Intelligence Strategy","running_head","SGP_NAIS_2019"
41,1,107,4,"WHAT THE EXPERTS SAY","excluded_section","SGP_NAIS_2019"
41,1,171,3,"Mr Andreas Ebert","excluded_section","SGP_NAIS_2019"
41,1,193,6,"Worldwide National Technology Officer, Microsoft Corporation","excluded_section","SGP_NAIS_2019"
41,1,229,16,"With computers capable of understanding humans for the first time, the world is at an inflection","excluded_section","SGP_NAIS_2019"
41,1,247,12,"point − with implications extending beyond technology into economy and national development.","excluded_section","SGP_NAIS_2019"
41,1,265,15,"Already a global thought leader on AI ethics and governance, the publication of the National","excluded_section","SGP_NAIS_2019"
41,1,283,17,"AI Strategy is evidence that Singapore is taking a holistic and inclusive approach on how the nation","excluded_section","SGP_NAIS_2019"
41,1,301,17,"can be a fast adopter of best-in-class technology that is empowered by a focus on building national","excluded_section","SGP_NAIS_2019"
41,1,319,14,"capabilities. When you underpin all of these with trust, through Singapore’s Trusted Data Sharing","excluded_section","SGP_NAIS_2019"
41,1,337,12,"Framework and international digital economy agreements, this geographically little island nation is","excluded_section","SGP_NAIS_2019"
41,1,355,16,"excellently positioned to play a leading role in facilitating cross border data flows that will realize","excluded_section","SGP_NAIS_2019"
41,1,373,14,"AI applications and services to improve people’s lives and local businesses. Microsoft is committed","excluded_section","SGP_NAIS_2019"
41,1,391,17,"to the success of Singapore’s AI and data journey, and we look forward to contributing to the","excluded_section","SGP_NAIS_2019"
41,1,409,4,"implementation of the Strategy.","excluded_section","SGP_NAIS_2019"
41,1,441,3,"Dr Andrew Ng","excluded_section","SGP_NAIS_2019"
41,1,463,5,"CEO and Founder, Landing AI","excluded_section","SGP_NAIS_2019"
41,1,499,17,"The world has caught on to the power of artificial intelligence, but we have still barely scratched","excluded_section","SGP_NAIS_2019"
41,1,517,18,"the surface. To move the world forward, we will need millions more AI engineers. We also need to","excluded_section","SGP_NAIS_2019"
41,1,535,14,"educate our leaders across government, businesses and academia so they can build AI solutions","excluded_section","SGP_NAIS_2019"
41,1,553,7,"that bring positive change to their communities.","excluded_section","SGP_NAIS_2019"
41,1,589,14,"Having grown up in Singapore, I’ve seen firsthand its excellent educational system, which gives","excluded_section","SGP_NAIS_2019"
41,1,607,16,"students a strong foundation in math and science, as well as its international connections and ability","excluded_section","SGP_NAIS_2019"
41,1,625,17,"to attract ideas and talent from around the world. Singapore already has a strong foundation on top","excluded_section","SGP_NAIS_2019"
41,1,643,14,"of which to build AI. The National Artificial Intelligence Strategy outlines several important, actionable","excluded_section","SGP_NAIS_2019"
41,1,661,8,"steps that build on these strengths. These include:","excluded_section","SGP_NAIS_2019"
41,1,696,12,"• Thoughtful regulations. Singapore has an opportunity to enact thoughtful regulations that","excluded_section","SGP_NAIS_2019"
41,1,715,11,"allow for innovation and experimentation while protecting citizens’ safety. Sound regulations","excluded_section","SGP_NAIS_2019"
41,1,733,12,"empower Singaporean AI engineers to work on cutting-edge problems that can immediately","excluded_section","SGP_NAIS_2019"
41,1,751,3,"benefit their community.","excluded_section","SGP_NAIS_2019"
41,2,13,5,"National Artificial Intelligence Strategy 81","running_head","SGP_NAIS_2019"
41,2,111,13,"• Human-centric approach. Singapore is simultaneously training talent to work on major technological","excluded_section","SGP_NAIS_2019"
41,2,129,11,"developments and investing resources in retraining and education programs. Building social","excluded_section","SGP_NAIS_2019"
41,2,147,14,"programs and technology in parallel, Singapore can prepare its citizens for changes and transitions","excluded_section","SGP_NAIS_2019"
41,2,165,4,"in an AI-powered future.","excluded_section","SGP_NAIS_2019"
41,2,201,14,"• Sectoral transformation. Singapore’s AI Strategy focuses on several use cases that can immediately","excluded_section","SGP_NAIS_2019"
41,2,219,12,"benefit the nation. These use cases − spanning healthcare, manufacturing, logistics, security,","excluded_section","SGP_NAIS_2019"
41,2,237,13,"education and more − will merge Singapore’s engineering talent together with real companies","excluded_section","SGP_NAIS_2019"
41,2,255,8,"in order to develop more impactful real-world solutions.","excluded_section","SGP_NAIS_2019"
41,2,291,15,"Silicon Valley and Beijing have been global leaders in AI research and developing AI-first startups.","excluded_section","SGP_NAIS_2019"
41,2,309,14,"But Singapore’s vision lies in becoming a leader in developing and deploying scalable, impactful","excluded_section","SGP_NAIS_2019"
41,2,327,17,"AI solutions in key sectors by 2030. I commend Singapore for leading the way in globalizing and","excluded_section","SGP_NAIS_2019"
41,2,345,7,"democratizing the next wave of artificial intelligence.","excluded_section","SGP_NAIS_2019"
41,2,381,16,"Singapore has all the pieces needed to become a regional AI hub. To everyone working on","excluded_section","SGP_NAIS_2019"
41,2,399,7,"building this vision, I say: Majulah Singapura!","excluded_section","SGP_NAIS_2019"
41,2,431,4,"Professor Ho Teck Hua","excluded_section","SGP_NAIS_2019"
41,2,453,4,"Executive Chairman, AI Singapore","excluded_section","SGP_NAIS_2019"
41,2,471,11,"Senior Deputy President and Provost, and Tan Chin Tuan Centennial Professor,","excluded_section","SGP_NAIS_2019"
41,2,489,4,"National University of Singapore","excluded_section","SGP_NAIS_2019"
41,2,525,12,"The Singapore government has always been deliberate in envisioning, planning, and executing","excluded_section","SGP_NAIS_2019"
41,2,543,4,"its Smart Nation initiatives.","excluded_section","SGP_NAIS_2019"
41,2,579,16,"The National Artificial Intelligence Strategy (NAIS) maps out a bold and concrete plan to develop and","excluded_section","SGP_NAIS_2019"
41,2,597,15,"deploy digital and AI technologies across economic sectors. The NAIS identifies powerful use cases that","excluded_section","SGP_NAIS_2019"
41,2,615,18,"have the potential to transform industry and improve the lives of people in Singapore. AI has the power","excluded_section","SGP_NAIS_2019"
41,2,633,16,"to amplify human potential and multiply our productivity. It will create many new and exciting jobs","excluded_section","SGP_NAIS_2019"
41,2,651,8,"and power the growth of our digital economy.","excluded_section","SGP_NAIS_2019"
41,2,687,18,"AI Singapore is excited to be a key implementer of the NAIS. We will champion deep research and","excluded_section","SGP_NAIS_2019"
41,2,705,15,"technology translation, accelerate AI adoption by industry, and develop a strong pipeline of AI talent.","excluded_section","SGP_NAIS_2019"
41,2,723,18,"We will help to build a strong and vibrant AI Ecosystem, to attract global AI talent and companies,","excluded_section","SGP_NAIS_2019"
41,2,741,9,"and to make Singapore a leading hub for AI.","excluded_section","SGP_NAIS_2019"
42,1,13,5,"82 National Artificial Intelligence Strategy","running_head","SGP_NAIS_2019"
42,1,110,4,"Professor Isaac Ben Israel","excluded_section","SGP_NAIS_2019"
42,1,132,4,"Chairman, Israel Space Agency","excluded_section","SGP_NAIS_2019"
42,1,150,7,"Director, Blavatnik Cyber Research Centre, Tel-Aviv University","excluded_section","SGP_NAIS_2019"
42,1,168,7,"Co-chair, Israel National Task Force for AI","excluded_section","SGP_NAIS_2019"
42,1,204,15,"The dominant technology of our century is computer technology, and its latest application is AI.","excluded_section","SGP_NAIS_2019"
42,1,240,15,"AI is impacting nearly every facet of our lives, with machine learning becoming more capable","excluded_section","SGP_NAIS_2019"
42,1,258,15,"and improving efficiencies in daily life. Thus, understanding and developing AI is key for the","excluded_section","SGP_NAIS_2019"
42,1,276,4,"future of our world.","excluded_section","SGP_NAIS_2019"
42,1,312,17,"Singapore has all the ingredients to be, within a decade or so, a world leader in this","excluded_section","SGP_NAIS_2019"
42,1,330,2,"emerging technology.","excluded_section","SGP_NAIS_2019"
42,1,366,13,"Actually, Singapore has some relative advantages that promise an excellent start: educated people","excluded_section","SGP_NAIS_2019"
42,1,384,11,"and highly developed education system, knowledge based economy and effective government.","excluded_section","SGP_NAIS_2019"
42,1,420,14,"With the right strategy, AI can transform national-level planning and significantly raise the quality","excluded_section","SGP_NAIS_2019"
42,1,438,14,"of public goods like transport, education and healthcare, raise productivity, and enable the creation","excluded_section","SGP_NAIS_2019"
42,1,456,14,"of valuable products and solutions for the Singapore market and beyond, and overall improving","excluded_section","SGP_NAIS_2019"
42,1,474,5,"significantly the lives of Singaporeans.","excluded_section","SGP_NAIS_2019"
42,1,510,16,"Altogether, Singapore took today a huge step ahead, leading the way to a more efficient future.","excluded_section","SGP_NAIS_2019"
42,1,542,4,"Mr Jean Francois Gagné","excluded_section","SGP_NAIS_2019"
42,1,564,5,"Co-Founder and CEO, Element AI","excluded_section","SGP_NAIS_2019"
42,1,600,21,"The pace of change in the field of AI is dramatic and being an inspiring leader is the only way to","excluded_section","SGP_NAIS_2019"
42,1,618,15,"unlock transformative value for society. Singapore is becoming a leader in AI, with its increased","excluded_section","SGP_NAIS_2019"
42,1,636,14,"focus and investments across its burgeoning AI ecosystem which is supported by its sound","excluded_section","SGP_NAIS_2019"
42,1,654,4,"governance and regulatory frameworks.","excluded_section","SGP_NAIS_2019"
42,1,690,17,"The National AI Strategy (NAIS) is an ideal starting point from which the public and private sectors","excluded_section","SGP_NAIS_2019"
42,1,708,15,"can rally behind key national initiatives and ensure that AI initiatives improve the lives of","excluded_section","SGP_NAIS_2019"
42,1,726,14,"Singaporeans. Element AI is a strong advocate of using human-centric principles that are ethical,","excluded_section","SGP_NAIS_2019"
42,1,744,11,"transparent and trustworthy for the design, deployment and adoption of AI.","excluded_section","SGP_NAIS_2019"
42,2,13,5,"National Artificial Intelligence Strategy 83","running_head","SGP_NAIS_2019"
42,2,111,16,"Element AI is strongly committed to partnering with Singapore in its mandate to develop a nation","excluded_section","SGP_NAIS_2019"
42,2,129,15,"driven by innovation between government, academia and industry. Our role as a member of this","excluded_section","SGP_NAIS_2019"
42,2,147,14,"ecosystem is to bring world-class research and technology to ensure the NAIS delivers sustainable","excluded_section","SGP_NAIS_2019"
42,2,165,15,"growth and positive impact from AI, both at a national level and across the region.","excluded_section","SGP_NAIS_2019"
42,2,197,3,"Mr Jeff Zhang","excluded_section","SGP_NAIS_2019"
42,2,219,5,"Chief Technology Officer, Alibaba Group","excluded_section","SGP_NAIS_2019"
42,2,237,4,"President, Alibaba Cloud Intelligence","excluded_section","SGP_NAIS_2019"
42,2,273,16,"The launch of the National AI Strategy further affirms our decision to work closely with Singapore","excluded_section","SGP_NAIS_2019"
42,2,291,14,"to build its digital economy. Singapore has consistently demonstrated its foresight and tenacity to","excluded_section","SGP_NAIS_2019"
42,2,309,14,"fulfil the nation’s objectives, as demonstrated in its strong talent base and world-leading research","excluded_section","SGP_NAIS_2019"
42,2,327,16,"institutions. This is what first drew us to set up Alibaba Cloud’s international headquarters and Alibaba","excluded_section","SGP_NAIS_2019"
42,2,345,13,"Cloud’s first overseas research institute in Singapore. We have subsequently embarked on partnerships","excluded_section","SGP_NAIS_2019"
42,2,363,14,"with A*STAR, the National University of Singapore and the Nanyang Technological University to expand","excluded_section","SGP_NAIS_2019"
42,2,381,12,"AI ecosystems across advanced manufacturing, fintech, retail, tourism and smart city management","excluded_section","SGP_NAIS_2019"
42,2,399,17,"under the Smart Nation initiative. With the launch of the National AI Strategy, Singapore is well placed","excluded_section","SGP_NAIS_2019"
42,2,417,15,"to harness the transformative potential of AI and data intelligence to empower industry across sectors.","excluded_section","SGP_NAIS_2019"
42,2,449,3,"Dr Richard Socher","excluded_section","SGP_NAIS_2019"
42,2,471,3,"Chief Scientist, Salesforce","excluded_section","SGP_NAIS_2019"
42,2,507,17,"Singapore is a regional and global leader when it comes to AI. Singapore’s National AI Strategy (NAIS)","excluded_section","SGP_NAIS_2019"
42,2,525,14,"will help propel Singapore to continue to harness AI effectively and develop these skills","excluded_section","SGP_NAIS_2019"
42,2,543,3,"and capabilities locally.","excluded_section","SGP_NAIS_2019"
42,2,579,16,"This is evidenced in Salesforce’s Research Asia hub in Singapore, our first outside the United State","excluded_section","SGP_NAIS_2019"
42,2,597,16,"to develop AI talent and the AI ecosystem. A deliberate decision, based on Singapore’s AI focus","excluded_section","SGP_NAIS_2019"
42,2,615,2,"and capability.","excluded_section","SGP_NAIS_2019"
42,2,651,14,"I congratulate the Government of Singapore on the NAIS, a forward-looking vision to steer","excluded_section","SGP_NAIS_2019"
42,2,669,6,"Singapore to the forefront of AI.","excluded_section","SGP_NAIS_2019"
43,1,13,5,"84 National Artificial Intelligence Strategy","running_head","SGP_NAIS_2019"
43,1,110,3,"Professor Tang Xiao’ou","excluded_section","SGP_NAIS_2019"
43,1,132,2,"Founder, SenseTime","excluded_section","SGP_NAIS_2019"
43,1,150,6,"Professor, Chinese University of Hong Kong","excluded_section","SGP_NAIS_2019"
43,1,186,15,"The National AI Strategy (NAIS) is the turnkey to drive whole-of-nation AI innovation and adoption,","excluded_section","SGP_NAIS_2019"
43,1,204,15,"and to build long-term industry trust through responsible AI governance in Singapore. It is an","excluded_section","SGP_NAIS_2019"
43,1,222,14,"ambitious plan that will position Singapore as a leading AI hub in the region.","excluded_section","SGP_NAIS_2019"
43,1,258,13,"The NAIS will further empower SenseTime, an AI technology platform company, to establish","excluded_section","SGP_NAIS_2019"
43,1,276,18,"our Singapore base as a living lab to test and scale innovative AI solutions for the global stage,","excluded_section","SGP_NAIS_2019"
43,1,294,5,"and to facilitate international collaboration.","excluded_section","SGP_NAIS_2019"
43,1,330,14,"We are confident in further contributing to Singapore’s AI ecosystem and the empowerment of","excluded_section","SGP_NAIS_2019"
43,1,348,12,"Singapore’s various strategic industries. The NAIS’ concrete talent development plan, in particular,","excluded_section","SGP_NAIS_2019"
43,1,366,15,"aligns with our commitment to harness the local talent pool to strengthen our core capabilities","excluded_section","SGP_NAIS_2019"
43,1,384,4,"in Singapore and beyond.","excluded_section","SGP_NAIS_2019"
43,1,416,3,"V.K. Rajah, SC","excluded_section","SGP_NAIS_2019"
43,1,438,11,"Chairman, Advisory Council on the Ethical Use of AI and Data","excluded_section","SGP_NAIS_2019"
43,1,474,19,"The launch of the National AI Strategy is timely. In the near future, AI is likely to pervasively affect","excluded_section","SGP_NAIS_2019"
43,1,492,21,"and influence all aspects of our lives in many ways. As a society, we must be alive to its benefits and","excluded_section","SGP_NAIS_2019"
43,1,510,16,"potential pitfalls. Trust is crucial to the adoption of AI, and building trust is a multi-stakeholder","excluded_section","SGP_NAIS_2019"
43,1,528,7,"effort involving public, private and people sectors.","excluded_section","SGP_NAIS_2019"
43,1,564,13,"Singapore has shown thought leadership in developing a human-centric approach to AI governance","excluded_section","SGP_NAIS_2019"
43,1,582,14,"that balances the need for innovation and consumer protection. Our voluntary Model AI Governance","excluded_section","SGP_NAIS_2019"
43,1,600,14,"Framework was the first national framework in Asia that provides practical guidance to organisations","excluded_section","SGP_NAIS_2019"
43,1,618,19,"on how to implement AI responsibly. This is just the start of a never ending journey. We need to","excluded_section","SGP_NAIS_2019"
43,1,636,16,"continue to identify and address the ethical concerns that AI brings. The Advisory Council on the","excluded_section","SGP_NAIS_2019"
43,1,654,16,"Ethical Use of AI and Data fully supports this national effort to create an enabling environment","excluded_section","SGP_NAIS_2019"
43,1,672,5,"for our businesses and citizens.","excluded_section","SGP_NAIS_2019"
43,2,13,5,"National Artificial Intelligence Strategy 85","running_head","SGP_NAIS_2019"
43,2,110,3,"Dr Yan Shuicheng","excluded_section","SGP_NAIS_2019"
43,2,132,5,"Chief Technology Officer, Yitu Tech","excluded_section","SGP_NAIS_2019"
43,2,168,13,"In the past decade, Singapore’s AI researchers have made fruitful contributions to fundamental","excluded_section","SGP_NAIS_2019"
43,2,186,13,"AI research. Their accomplishments have been recognised by the international AI research community,","excluded_section","SGP_NAIS_2019"
43,2,204,15,"with frequent awards in flagship AI competitions and many high-impact AI publications. Now, it is","excluded_section","SGP_NAIS_2019"
43,2,222,18,"time for us to take a step forward and consider how to transform these AI research capabilities into","excluded_section","SGP_NAIS_2019"
43,2,240,16,"actual impact and value for our society and economy. To realise such a transformation, building an","excluded_section","SGP_NAIS_2019"
43,2,258,17,"AI ecosystem is very crucial, as is identifying the proper business scenarios that would benefit from AI.","excluded_section","SGP_NAIS_2019"
43,2,276,17,"The 5 national AI projects and 5 ecosystem enablers proposed in the National AI Strategy (NAIS) will","excluded_section","SGP_NAIS_2019"
43,2,294,7,"generate great momentum for the transformation process.","excluded_section","SGP_NAIS_2019"
43,2,330,17,"Beyond nurturing AI talents, how to attract and anchor these AI talents is an even bigger challenge.","excluded_section","SGP_NAIS_2019"
43,2,348,19,"It is believed that the best way to do so is to incubate more fast-growing local startups. When more","excluded_section","SGP_NAIS_2019"
43,2,366,14,"Singapore-based startups are internationally recognised, even more AI talents would be willing to join","excluded_section","SGP_NAIS_2019"
43,2,384,16,"them and relocate to work in Singapore, thus gradually forming a strong and healthy talent community.","excluded_section","SGP_NAIS_2019"
43,2,402,13,"The NAIS provides great opportunities for incubating fast-growing local startups through offering help","excluded_section","SGP_NAIS_2019"
43,2,420,13,"in building the different key AI ecosystem enablers, including talents, data, business scenarios,","excluded_section","SGP_NAIS_2019"
43,2,438,15,"and global collaborations. I am excited by the opportunities ahead and am confident that Singapore","excluded_section","SGP_NAIS_2019"
43,2,456,7,"will be a leading player in AI.","excluded_section","SGP_NAIS_2019"
44,1,13,5,"86 National Artificial Intelligence Strategy","running_head","SGP_NAIS_2019"
44,1,110,4,"BROUGHT TO YOU BY","sparse_page","SGP_NAIS_2019"
44,1,263,2,"PARTNERING AGENCIES","sparse_page","SGP_NAIS_2019"
45,1,111,3,"Published November 2019","excluded_section","SGP_NAIS_2019"
45,1,200,11,"Copyright © 2019 by Smart Nation Digital Government Office. Not to","excluded_section","SGP_NAIS_2019"
45,1,212,10,"be reproduced unless with explicit consent from Smart Nation Digital","excluded_section","SGP_NAIS_2019"
45,1,224,7,"Government Office. First released in November 2019.","excluded_section","SGP_NAIS_2019"
45,1,248,11,"All rights reserved. No part of this publication may be reproduced,","excluded_section","SGP_NAIS_2019"
45,1,260,14,"stored in a retrieval system or transmitted, in any form or by any means,","excluded_section","SGP_NAIS_2019"
45,1,272,8,"electronic, mechanical, photocopying, recording or otherwise, without the","excluded_section","SGP_NAIS_2019"
45,1,284,7,"prior written permission of the copyright owner.","excluded_section","SGP_NAIS_2019"
1,1,215,5,"AI for the Public Good","sparse_page","SGP_NAIS2_2023"
1,1,254,5,"For Singapore and the World","sparse_page","SGP_NAIS2_2023"
2,1,793,6,"Cover image generated by Adobe Firefly","sparse_page","SGP_NAIS2_2023"
3,1,32,3,"CONTENTS | 1","toc_page","SGP_NAIS2_2023"
3,1,81,1,"Contents","toc_page","SGP_NAIS2_2023"
3,1,167,2,"03 Foreword","toc_page","SGP_NAIS2_2023"
3,1,221,2,"05 Introduction","toc_page","SGP_NAIS2_2023"
3,1,275,5,"13 National AI Strategy 2.0","toc_page","SGP_NAIS2_2023"
3,1,309,6,"Our Vision and Goals Our Plan","toc_page","SGP_NAIS2_2023"
3,1,369,5,"17 SYSTEM Activity 1 Drivers","toc_page","SGP_NAIS2_2023"
3,1,408,3,"Industry Government Research","toc_page","SGP_NAIS2_2023"
3,1,468,6,"33 SYSTEM People 2 & Communities","toc_page","SGP_NAIS2_2023"
3,1,507,3,"Talent Capabilities Placemaking","toc_page","SGP_NAIS2_2023"
3,1,567,6,"47 SYSTEM Infrastructure 3 & Environment","toc_page","SGP_NAIS2_2023"
3,1,606,4,"Compute Data Trusted Environment","toc_page","SGP_NAIS2_2023"
3,1,633,5,"Leader in Thought and Action","toc_page","SGP_NAIS2_2023"
3,1,680,4,"65 A Whole-of-Nation Movement","toc_page","SGP_NAIS2_2023"
5,1,32,3,"FOREWORD | 3","excluded_section","SGP_NAIS2_2023"
5,1,81,1,"Foreword","excluded_section","SGP_NAIS2_2023"
5,1,175,9,"2023 is a landmark year for Artificial Intelligence (AI).","excluded_section","SGP_NAIS2_2023"
5,1,215,13,"Recent advances, especially in Generative AI, have opened doors to new possibilities. The","excluded_section","SGP_NAIS2_2023"
5,1,235,15,"most powerful AI models provide human-like intelligence, or a close proxy of it, to do","excluded_section","SGP_NAIS2_2023"
5,1,255,7,"anything from clinical diagnoses to self-driving cars.","excluded_section","SGP_NAIS2_2023"
5,1,295,11,"These advances have also precipitated many important conversations – about the","excluded_section","SGP_NAIS2_2023"
5,1,315,14,"potential of AI, its harms, and even on what it means to be human.","excluded_section","SGP_NAIS2_2023"
5,1,355,13,"Singapore believes in the transformative potential of AI. Our second National AI Strategy,","excluded_section","SGP_NAIS2_2023"
5,1,375,15,"or NAIS 2.0, represents Singapore’s commitment to realise the benefits of AI, and to create","excluded_section","SGP_NAIS2_2023"
5,1,395,15,"exciting new opportunities. It outlines our vision for Singapore to be a place where AI","excluded_section","SGP_NAIS2_2023"
5,1,415,17,"serves as a force for good, and where we harness AI to uplift and empower our people","excluded_section","SGP_NAIS2_2023"
5,1,435,2,"and businesses.","excluded_section","SGP_NAIS2_2023"
5,1,475,17,"Singapore may be a small island state, but we have big dreams and plans. We will participate","excluded_section","SGP_NAIS2_2023"
5,1,495,16,"fully in AI research and deployment, to do things that were not possible before, and bring","excluded_section","SGP_NAIS2_2023"
5,1,515,15,"benefits to ourselves and others outside Singapore. Hence, our vision for NAIS 2.0 is to","excluded_section","SGP_NAIS2_2023"
5,1,535,11,"achieve AI for the Public Good, for Singapore and the World.","excluded_section","SGP_NAIS2_2023"
5,1,575,18,"This report spells out how we will achieve our vision. It sets out our plans to build a","excluded_section","SGP_NAIS2_2023"
5,1,595,13,"thriving AI ecosystem; develop our workforce to take on new opportunities; provide enough","excluded_section","SGP_NAIS2_2023"
5,1,615,12,"infrastructural capacity to achieve our ambitions; and foster a trusted environment that","excluded_section","SGP_NAIS2_2023"
5,1,635,5,"protects users and facilitates innovation.","excluded_section","SGP_NAIS2_2023"
5,1,675,17,"In the end, our plans are only as good as our collective ability to implement them. That’s","excluded_section","SGP_NAIS2_2023"
5,1,695,16,"why we welcome all stakeholders and partners to join us in this shared endeavour. Let us","excluded_section","SGP_NAIS2_2023"
5,1,715,12,"work together to realise the full potential of AI in our lives.","excluded_section","SGP_NAIS2_2023"
5,1,760,2,"LAWRENCE WONG","excluded_section","SGP_NAIS2_2023"
5,1,780,7,"Deputy Prime Minister & Minister for Finance","excluded_section","SGP_NAIS2_2023"
7,1,32,3,"INTRODUCTION | 5","excluded_section","SGP_NAIS2_2023"
7,1,690,15,"1 AI refers to a set of capabilities through which computer systems can demonstrate human-","footnote_small_type","SGP_NAIS2_2023"
7,1,704,14,"like behaviour and complete tasks which typically require human intelligence. It is considered a","footnote_small_type","SGP_NAIS2_2023"
7,1,718,16,"general-purpose technology which can be applied across a wide range of sectors. Some of its varied","footnote_small_type","SGP_NAIS2_2023"
7,1,732,10,"applications include advanced web search, recommendation and decision systems, advanced","footnote_small_type","SGP_NAIS2_2023"
7,1,746,10,"problem-solving, understanding speech and natural language, perception (for applications like","footnote_small_type","SGP_NAIS2_2023"
7,1,760,12,"facial recognition, image labelling, or autonomous vehicles), and Generative AI tools (including","footnote_small_type","SGP_NAIS2_2023"
7,1,774,14,"Large Language Models) that can produce various types of content, including text, images, audio,","footnote_small_type","SGP_NAIS2_2023"
7,1,790,3,"and synthetic data.","footnote_small_type","SGP_NAIS2_2023"
10,1,154,13,"ranking among the top 10 in the world by several international metrics. 2","toc_line","SGP_NAIS2_2023"
10,1,760,17,"2 For instance, Singapore ranks 1st in per capita terms in the Stanford Global AI Vibrancy Index","footnote_small_type","SGP_NAIS2_2023"
10,1,774,17,"(2021); 2nd in the Oxford Insights Government AI Index (2021); and 3rd in the Tortoise Media Global","footnote_small_type","SGP_NAIS2_2023"
10,1,790,3,"AI Index (2022).","footnote_small_type","SGP_NAIS2_2023"
17,1,32,6,"NATIONAL AI STRATEGY 2.0 | 15","sparse_page","SGP_NAIS2_2023"
19,1,32,6,"SYSTEM 1: ACTIVITY DRIVERS | 17","running_head","SGP_NAIS2_2023"
19,1,754,7,"Mrs. Josephine Teo, Minister for Communications and","footnote_small_type","SGP_NAIS2_2023"
19,1,766,10,"Information, at the launch event for the AI Trailblazers initiative","footnote_small_type","SGP_NAIS2_2023"
19,1,778,6,"at the Google Asia Pacific campus.","footnote_small_type","SGP_NAIS2_2023"
20,1,32,6,"18 | SYSTEM 1: ACTIVITY DRIVERS","running_head","SGP_NAIS2_2023"
20,1,747,14,"3 Reasoning AI improves AI systems’ ability to understand logical and physical concepts, and","footnote_small_type","SGP_NAIS2_2023"
20,1,761,14,"explain their output; Resource-efficient AI can help reduce AI’s growing reliance on data and","footnote_small_type","SGP_NAIS2_2023"
20,1,775,15,"compute, while still ensuring performance gains; Responsible AI is critical to mitigate the risks of","footnote_small_type","SGP_NAIS2_2023"
20,1,791,10,"AI and ensure that AI is trustworthy, safe, and secure.","footnote_small_type","SGP_NAIS2_2023"
21,1,32,6,"SYSTEM 1: ACTIVITY DRIVERS | 19","running_head","SGP_NAIS2_2023"
21,1,654,15,"* E.g. customer relationship management, finance, human resources, legal, sales and marketing, and supply chain.","sparse_page","SGP_NAIS2_2023"
22,1,32,6,"20 | SYSTEM 1: ACTIVITY DRIVERS","running_head","SGP_NAIS2_2023"
23,1,32,6,"SYSTEM 1: ACTIVITY DRIVERS | 21","running_head","SGP_NAIS2_2023"
23,1,760,15,"4 Industry Champions refer to enterprise leaders that can form lead demand for AI solutions,","footnote_small_type","SGP_NAIS2_2023"
23,1,774,13,"boost their sector’s competitiveness, uplift the capabilities of their supply chains, and generate","footnote_small_type","SGP_NAIS2_2023"
23,1,790,6,"spin-offs for the broader sector ecosystem.","footnote_small_type","SGP_NAIS2_2023"
24,1,32,6,"22 | SYSTEM 1: ACTIVITY DRIVERS","running_head","SGP_NAIS2_2023"
25,1,32,6,"SYSTEM 1: ACTIVITY DRIVERS | 23","running_head","SGP_NAIS2_2023"
26,1,32,6,"24 | SYSTEM 1: ACTIVITY DRIVERS","running_head","SGP_NAIS2_2023"
27,1,32,6,"SYSTEM 1: ACTIVITY DRIVERS | 25","running_head","SGP_NAIS2_2023"
28,1,32,6,"26 | SYSTEM 1: ACTIVITY DRIVERS","running_head","SGP_NAIS2_2023"
29,1,32,6,"SYSTEM 1: ACTIVITY DRIVERS | 27","running_head","SGP_NAIS2_2023"
30,1,32,6,"28 | SYSTEM 1: ACTIVITY DRIVERS","running_head","SGP_NAIS2_2023"
31,1,32,6,"SYSTEM 1: ACTIVITY DRIVERS | 29","running_head","SGP_NAIS2_2023"
31,1,717,19,"Through 100E, Q&M Dental Group’s EM2AI has developed an AI Through 100E, LightSpeed Studios is partnering with AISG to","footnote_small_type","SGP_NAIS2_2023"
31,1,729,19,"model that helps dentists, and has deployed this across its clinics in develop a new text-to-speech system for gamers.","footnote_small_type","SGP_NAIS2_2023"
31,1,741,3,"Singapore and Malaysia.","footnote_small_type","SGP_NAIS2_2023"
31,1,753,5,"(Photo credit: Q&M Dental Group)","footnote_small_type","SGP_NAIS2_2023"
32,1,32,6,"30 | SYSTEM 1: ACTIVITY DRIVERS","running_head","SGP_NAIS2_2023"
33,1,32,6,"SYSTEM 1: ACTIVITY DRIVERS | 31","running_head","SGP_NAIS2_2023"
35,1,32,7,"SYSTEM 2: PEOPLE & COMMUNITIES | 33","running_head","SGP_NAIS2_2023"
36,1,32,7,"34 | SYSTEM 2: PEOPLE & COMMUNITIES","running_head","SGP_NAIS2_2023"
37,1,32,7,"SYSTEM 2: PEOPLE & COMMUNITIES | 35","running_head","SGP_NAIS2_2023"
38,1,32,7,"36 | SYSTEM 2: PEOPLE & COMMUNITIES","running_head","SGP_NAIS2_2023"
38,1,760,13,"5 The AIAP is currently designed as a 9-month, full-time, deep-skilling company-led training","footnote_small_type","SGP_NAIS2_2023"
38,1,774,13,"programme, that helps trainees acquire AI capabilities by working alongside industry teams on","footnote_small_type","SGP_NAIS2_2023"
38,1,790,3,"real business problems.","footnote_small_type","SGP_NAIS2_2023"
39,1,32,7,"SYSTEM 2: PEOPLE & COMMUNITIES | 37","running_head","SGP_NAIS2_2023"
40,1,32,7,"38 | SYSTEM 2: PEOPLE & COMMUNITIES","running_head","SGP_NAIS2_2023"
41,1,32,7,"SYSTEM 2: PEOPLE & COMMUNITIES | 39","running_head","SGP_NAIS2_2023"
42,1,32,7,"40 | SYSTEM 2: PEOPLE & COMMUNITIES","running_head","SGP_NAIS2_2023"
42,1,760,14,"6 ITMs are roadmaps developed for 23 industries under six clusters to systematically raise","footnote_small_type","SGP_NAIS2_2023"
42,1,774,12,"productivity, develop skills, drive innovation, and promote internationalisation, so as to catalyse","footnote_small_type","SGP_NAIS2_2023"
42,1,790,10,"transformation. ITMs will be refined over time to ensure relevance.","footnote_small_type","SGP_NAIS2_2023"
43,1,32,7,"SYSTEM 2: PEOPLE & COMMUNITIES | 41","running_head","SGP_NAIS2_2023"
44,1,32,7,"42 | SYSTEM 2: PEOPLE & COMMUNITIES","running_head","SGP_NAIS2_2023"
45,1,32,7,"SYSTEM 2: PEOPLE & COMMUNITIES | 43","running_head","SGP_NAIS2_2023"
46,1,32,7,"44 | SYSTEM 2: PEOPLE & COMMUNITIES","running_head","SGP_NAIS2_2023"
47,1,32,7,"SYSTEM 2: PEOPLE & COMMUNITIES | 45","running_head","SGP_NAIS2_2023"
49,1,32,7,"SYSTEM 3: INFRASTRUCTURE & ENVIRONMENT | 47","running_head","SGP_NAIS2_2023"
50,1,32,7,"48 | SYSTEM 3: INFRASTRUCTURE & ENVIRONMENT","running_head","SGP_NAIS2_2023"
51,1,32,7,"SYSTEM 3: INFRASTRUCTURE & ENVIRONMENT | 49","running_head","SGP_NAIS2_2023"
52,1,32,7,"50 | SYSTEM 3: INFRASTRUCTURE & ENVIRONMENT","running_head","SGP_NAIS2_2023"
53,1,32,7,"SYSTEM 3: INFRASTRUCTURE & ENVIRONMENT | 51","running_head","SGP_NAIS2_2023"
54,1,32,7,"52 | SYSTEM 3: INFRASTRUCTURE & ENVIRONMENT","running_head","SGP_NAIS2_2023"
55,1,32,7,"SYSTEM 3: INFRASTRUCTURE & ENVIRONMENT | 53","running_head","SGP_NAIS2_2023"
56,1,32,7,"54 | SYSTEM 3: INFRASTRUCTURE & ENVIRONMENT","running_head","SGP_NAIS2_2023"
57,1,32,7,"SYSTEM 3: INFRASTRUCTURE & ENVIRONMENT | 55","running_head","SGP_NAIS2_2023"
58,1,32,7,"56 | SYSTEM 3: INFRASTRUCTURE & ENVIRONMENT","running_head","SGP_NAIS2_2023"
58,1,681,11,"Since its launch in June 2023, the AI Verify Foundation has","footnote_small_type","SGP_NAIS2_2023"
58,1,693,11,"grown to have over 90 corporate members, who work to de-","footnote_small_type","SGP_NAIS2_2023"
58,1,705,8,"velop AI testing tools to enable responsible AI.","footnote_small_type","SGP_NAIS2_2023"
59,1,32,7,"SYSTEM 3: INFRASTRUCTURE & ENVIRONMENT | 57","running_head","SGP_NAIS2_2023"
60,1,32,7,"58 | SYSTEM 3: INFRASTRUCTURE & ENVIRONMENT","running_head","SGP_NAIS2_2023"
61,1,32,7,"SYSTEM 3: INFRASTRUCTURE & ENVIRONMENT | 59","running_head","SGP_NAIS2_2023"
62,1,32,7,"60 | SYSTEM 3: INFRASTRUCTURE & ENVIRONMENT","running_head","SGP_NAIS2_2023"
63,1,32,7,"SYSTEM 3: INFRASTRUCTURE & ENVIRONMENT | 61","running_head","SGP_NAIS2_2023"
64,1,32,7,"62 | SYSTEM 3: INFRASTRUCTURE & ENVIRONMENT","running_head","SGP_NAIS2_2023"
64,1,732,14,"7 Singapore established FOSS as an informal and non-ideological grouping of small states in","footnote_small_type","SGP_NAIS2_2023"
64,1,746,16,"1992, and has served as its Chair since. FOSS now comprises 108 countries across all geographical","footnote_small_type","SGP_NAIS2_2023"
64,1,760,17,"regions and at all levels of development, and meets several times a year to discuss issues of","footnote_small_type","SGP_NAIS2_2023"
64,1,774,17,"concern to small states. In 2022, we introduced Digital FOSS as a new pillar of engagement within","footnote_small_type","SGP_NAIS2_2023"
64,1,790,1,"FOSS.","footnote_small_type","SGP_NAIS2_2023"
65,1,32,7,"SYSTEM 3: INFRASTRUCTURE & ENVIRONMENT | 63","running_head","SGP_NAIS2_2023"
68,1,58,4,"Published 4 December 2023","sparse_page","SGP_NAIS2_2023"
68,1,88,3,"Copyright © 2023","sparse_page","SGP_NAIS2_2023"
68,1,103,6,"Government of the Republic of Singapore","sparse_page","SGP_NAIS2_2023"
68,1,134,8,"You may download, view, print, and reproduce this","sparse_page","SGP_NAIS2_2023"
68,1,148,7,"document without modification, but only for non-","sparse_page","SGP_NAIS2_2023"
68,1,163,7,"commercial use. All other rights are reserved.","sparse_page","SGP_NAIS2_2023"
